f,Species,Old Name,Genus,Taxonomic Authority,Trophic Group,a,b,N,r,L.min,L.max,Source species,Citation,LS,TS,Diversity,,,,,
Epinephelidae,Aethaloperca rogaa,Aethaloperca rogaa,Aethaloperca,(Fabricius 1775),Primary Piscivores,0.0111,3.114,,,,76,Epinephelus cyanopodus,Kulbicki et al 2005  listed in Green & Bellwood 09,Y,Y,Y,,,,,
Epinephelidae,Anyperodon leucogrammicus,Anyper. leucogramm.,Anyperodon,(Valenciennes 1828),Primary Piscivores,0.0014,3.548,10,0.98,30.5,51,Anyperodon leucogrammicus,Kulbicki et al 2005  listed in Green & Bellwood 09,Y,Y,Y,,,,,
Epinephelidae,Cephalopholis boenack,C. boenack,Cephalopholis,(Bloch 1790),Primary Piscivores,0.0146,3.019,149,0.988,4.8,30.5,Cephalopholis boenack,Kulbicki et al 2005  listed in Green & Bellwood 09,N,Y,Y,,,,,
Epinephelidae,Cephalopholis leopardus,C. leopardus,Cephalopholis,(Lacepede 1801),Primary Piscivores,0.0274,3.000,1.000,,,13.100,Cephalopholis leopardus,Fishbase,N,Y,Y,,,,,
Epinephelidae,Cephalopholis miniata,C. miniata,Cephalopholis,(Forsskal 1775),Primary Piscivores,0.0107,3.114,94,0.973,23,46,Cephalopholis miniata,Kulbicki et al 2005  listed in Green & Bellwood 09,N,Y,Y,,,,,
Epinephelidae,Cephalopholis oligosticta,C. oligosticta*,Cephalopholis,Randall & Ben-Tuvia 1983,Primary Piscivores,0.0282,2.818,17,0.953,15,25.5,Cephalopholis urodeta,Kulbicki et al 2005  listed in Green & Bellwood 09,N,Y,Y,,,,,
Epinephelidae,Cephalopholis polleni,C. polleni,Cephalopholis,(Bleeker 1868),Primary Piscivores,,,,,,,,,N,Y,Y,,,,,
Epinephelidae,Cephalopholis nigripinnis,C.urodeta sb nigripinnis,Cephalopholis,(Valenciennes 1828),Primary Piscivores,0.0282,2.818,,,,28,Cephalopholis urodeta,Kulbicki et al 2005  listed in Green & Bellwood 09,N,Y,Y,,,,,
Epinephelidae,Cephalopholis argus,Cephalopholis argus,Cephalopholis,Schneider 1801,Primary Piscivores,0.0093,3.181,15,0.988,21.5,44,Cephalopholis argus,Kulbicki et al 2005  listed in Green & Bellwood 09,Y,Y,Y,,,,,
Epinephelidae,Cephalopholis sexmaculata,Cephalopholis sexmaculata,Cephalopholis,(Ruppell 1830),Primary Piscivores,0.0107,3.114,,,,46,Cephalopholis miniata,Kulbicki et al 2005  listed in Green & Bellwood 09,N,Y,Y,,,,,
Epinephelidae,Cephalopholis spiloparaea,Cephalopholis spiloparaea,Cephalopholis,(Valenciennes 1828),Primary Piscivores,0.0282,2.818,,,,,Cephalopholis urodeta,Kulbicki et al 2005  listed in Green & Bellwood 09,N,Y,Y,,,,,
Epinephelidae,Cephalopholis hemistiktos,C. hemistiktos*,Cephalopholis,(Rüppell 1830),Primary Piscivores,0.0282,2.818,17,0.953,15,25.5,Cephalopholis urodeta,Kulbicki et al 2005  listed in Green & Bellwood 09,N,Y,Y,,,,,
Epinephelidae,Dermatolepis striolata,Dermatolepis striolata,Dermatolepis,(Playfair 1867),Primary Piscivores,0.017,3.000,,,,90.2,Dermatolepis dermatolepis,Fishbase,Y,Y,Y,,,,,
Epinephelidae,Epinephelus areolatus,E. areolatus,Epinephelus,(Forsskål 1775),Primary Piscivores,0.0107,3.086,,,,,Plectropomus spp.,Kulbicki et al 2005  listed in Green & Bellwood 09,N,Y,Y,,,,,
Epinephelidae,Epinephelus caeruleopunctatus,E. caeruleopunctatus,Epinephelus,(Bloch 1790),Primary Piscivores,0.018,2.938,24,0.997,3.5,61,Epinephelus caeruleopunctatus,Kulbicki et al 2005  listed in Green & Bellwood 09,Y,Y,Y,,,,,
Epinephelidae,Cephalopholis sonnerati,Cephalopholis sonnerati,Cephalopholis,"(Valenciennes, 1828)",Primary piscivores,0.0066,3.277,96,0.968,24,50,Cephalopholis sonnerati,Kulbicki et al 2005  listed in Green & Bellwood 95,Y,Y,Y,,,,,
Epinephelidae,Epinephelus fasciatus,E. fasciatus,Epinephelus,(Forsskal 1775),Primary Piscivores,0.0138,3.041,165,0.985,8.9,36.5,Epinephelus fasciatus,Kulbicki et al 2005  listed in Green & Bellwood 09,N,Y,Y,,,,,
Epinephelidae,Epinephelus flavocaeruleus,E. flavocaeruleus,Epinephelus,(Lacepede 1802),Primary Piscivores,0.0156,3.000,,,,61.3,Epinephelus flavocaeruleus,Fishbase,Y,Y,Y,,,,,
Epinephelidae,Epinephelus fuscoguttatus,E. fuscoguttatus ,Epinephelus,(Forsskal 1775),Primary Piscivores,0.0134,3.057,22,0.997,18.5,100,Epinephelus fuscoguttatus,Kulbicki et al 2005  listed in Green & Bellwood 09,Y,Y,Y,,,,,
Epinephelidae,Epinephelus macrospilos,E. macrospilos,Epinephelus,(Bleeker 1855),Primary Piscivores,0.0132,3.031,56,0.994,11,41,Epinephelus macrospilos,Kulbicki et al 2005  listed in Green & Bellwood 09,N,Y,Y,,,,,
Epinephelidae,Epinephelus malabaricus,E. malabaricus,Epinephelus,(Bloch & Schneider 1801),Primary Piscivores,0.0121,3.052,172,0.998,8.5,128,Epinephelus malabaricus,Kulbicki et al 2005  listed in Green & Bellwood 09,Y,Y,Y,,,,,
Epinephelidae,Epinephelus merra,E. merra,Epinephelus,Bloch 1793,Primary Piscivores,0.0158,2.966,291,0.995,5.5,25,Epinephelus merra,Kulbicki et al 2005  listed in Green & Bellwood 09,N,Y,Y,,,,,
Epinephelidae,Epinephelus multinotatus,E. multinotatus,Epinephelus,(Peters 1876),Primary Piscivores,0.0111,3.114,232,0.994,9.5,76,Epinephelus cyanopodus,Kulbicki et al 2005  listed in Green & Bellwood 09,Y,Y,Y,,,,,
Epinephelidae,Epinephelus melanostigma,Epinephelus melanostigma,Epinephelus,"Schultz, 1953",Primary Piscivores,0.0119,3.1,2262,0.95,,,,,,,,,,,,
Epinephelidae,Epinephelus spilotoceps,E. spilotoceps,Epinephelus,Schultz 1953,Primary Piscivores,0.0158,2.966,,,,25,Epinephelus merra,Kulbicki et al 2005  listed in Green & Bellwood 09,N,Y,Y,,,,,
Epinephelidae,Epinephelus polylepis,E. polylepis*,Epinephelus,Randall & Heemstra 1991,Primary Piscivores,0.0074,3.161,84,99.02,15.5,121,Epinephelus polylepis,McCoy et al 2009,N,Y,Y,,,,,
Epinephelidae,Epinephelus summana,E. summana,Epinephelus,(Fabricius 1775),Primary Piscivores,0.018,2.938,24,0.997,3.5,61,Epinephelus caeruleopunctatus,Kulbicki et al 2005  listed in Green & Bellwood 09,N,Y,Y,,,,,
Epinephelidae,Epinephelus tauvina,E. tauvina,Epinephelus,(Fabricius 1775),Primary Piscivores,0.0083,3.166,,,,,Epinephelus polyphekadion,Kulbicki et al 2005  listed in Green & Bellwood 10,N,,,,,,,
Epinephelidae,Epinephelus polyphekadion,E. polyphekadion,Epinephelus,(Bleeker 1849),Primary Piscivores,0.0083,3.166,359,0.992,8.5,61.5,Epinephelus polyphekadion,Kulbicki et al 2005  listed in Green & Bellwood 11,Y,Y,Y,,,,,
Epinephelidae,Epinephelus tukula,E. tukula,Epinephelus,Morgans 1959,Primary Piscivores,0.0122,3.053,2712,0.996,3.5,128,Epinephelus spp.,Kulbicki et al 2005  listed in Green & Bellwood 12,Y,Y,Y,,,,,
Epinephelidae,Epinephelus coioides,E. coiodes,Epinephelus,(Hamilton 1822),Primary Piscivores,0.0099,3.102,44,0.997,6.5,111,Epinephelus coioides,Kulbicki et al 2005  listed in Green & Bellwood 13,Y,Y,Y,,,,,
Epinephelidae,Epinephelus lanceolatus,E. lanceolatus,Epinephelus,(Bloch 1790),Primary Piscivores,0.0173,3,,,,,Epinephelus lanceolatus,Fishbase,Y,Y,Y,,,,,
Epinephelidae,Gracila albomarginata,Gracila albomarginata,Gracila,(Fowler & Bean 1930),Primary Piscivores,0.0093,3.181,,,,44,Cephalopholis argus,Kulbicki et al 2005  listed in Green & Bellwood 13,N,Y,Y,,,,,
Epinephelidae,Plectropomus punctatus,P. punctatus,Plectropomus,(Quoy & Gaimard 1824),Primary Piscivores,0.0059,3.238,,,,95,Plectropomus laevis,Kulbicki et al 2005  listed in Green & Bellwood 14,Y,Y,Y,,,,,
Epinephelidae,Plectropomus areolatus,Plectropomus areolatus,Plectropomus,(Rüppell 1830),Primary Piscivores,0.0107,3.086,212,0.996,10.7,95,Plectropomus spp.,Kulbicki et al 2005  listed in Green & Bellwood 15,Y,Y,Y,,,,,
Epinephelidae,Plectropomus laevis,Plectropomus laevis,Plectropomus,(Lacepede 1801),Primary Piscivores,0.0059,3.238,17,0.996,18.1,95,Plectropomus laevis,Kulbicki et al 2005  listed in Green & Bellwood 16,Y,Y,Y,,,,,
Epinephelidae,Plectropomus pessuliferus,Plectropomus sub. pessuliferus,Plectropomus,(Fowler 1904),Primary Piscivores,0.0107,3.086,212,0.996,10.7,95,Plectropomus spp.,Kulbicki et al 2005  listed in Green & Bellwood 17,Y,Y,Y,,,,,
Epinephelidae,Variola albimarginata,Variola albimarginata,Variola,Baissac 1953,Primary Piscivores,0.0122,3.079,41,0.995,20,66,Variola louti,Kulbicki et al 2005  listed in Green & Bellwood 18,Y,Y,Y,,,,,
Epinephelidae,Variola louti,V. louti,Variola,(Fabricius 1775),Primary Piscivores,0.0122,3.079,41,0.995,20,66,Variola louti,Kulbicki et al 2005  listed in Green & Bellwood 19,Y,Y,Y,,,,,
Epinephelidae,Epinephelus spp.,Epinephelus spp.,Epinephelus,,Primary Piscivores,0.0122,3.053,2712,0.996,3.5,128,Epinephelus spp.,Kulbicki et al 2005  listed in Green & Bellwood 12,Y,Y,Y,,,,,
Carangidae,Decapterus sp.,Decapterus spp.,Decapterus,,Piscivores,0.0139,2.963,,,,,Decapterus russelli,Kulbicki et al 2005  listed in Green & Bellwood 19,Y,N,Y,,,,,
Carangidae,Alepes djedaba,Alepes djedaba,Alepes,(Fabricius 1775),Piscivores,0.01349,2.95,,,,40,,,N,N,Y,,,,,
Carangidae,Carangoides ferdau,C. ferdau ,Carangoides,(Fabricius 1775),Piscivores,0.0368,2.851,31,0.99,24.5,60.5,Carangoides ferdau ,Kulbicki et al 2005  listed in Green & Bellwood 19,Y,N,Y,,,,,
Carangidae,Carangoides fulvoguttatus,C. fulvoguttatus ,Carangoides,(Forsskal 1775),Piscivores,0.0329,2.808,54,0.993,16,81,Carangoides fulvoguttatus ,Kulbicki et al 2005  listed in Green & Bellwood 20,Y,N,Y,,,,,
Carangidae,Caranx ignobilis,C. ignobilis ,Caranx,(Forsskal 1775),Piscivores,0.0164,3.059,94,0.998,7,93,Caranx ignobilis,Kulbicki et al 2005  listed in Green & Bellwood 21,Y,N,Y,,,,,
Carangidae,Caranx melampygus,C. melampygus ,Caranx,Cuvier 1833,Piscivores,0.0234,2.918,25,0.999,5.5,54,Caranx melampygus,Kulbicki et al 2005  listed in Green & Bellwood 22,Y,N,Y,,,,,
Carangidae,Caranx papuensis,C. papuensis ,Caranx,Alleyne & Macleay 1877,Piscivores,0.0235,2.923,135,0.997,6.5,65,Caranx papuensis,Kulbicki et al 2005  listed in Green & Bellwood 22,Y,N,Y,,,,,
Carangidae,Caranx sexfasciatus,C. sexfasciatus ,Caranx,Quoy & Gaimard 1825,Piscivores,0.0198,2.986,,,,93,Caranx spp.,Kulbicki et al 2005  listed in Green & Bellwood 22,Y,N,Y,,,,,
Carangidae,Carangoides gymnostethus,Carang. gymnostethus,Carangoides,(Cuvier 1833),Piscivores,0.0463,2.746,,,,90,Carangoides gymnostethus,Fishbase,Y,N,Y,,,,,
Carangidae,Carangoides bajad,C. bajad,Carangoides,(Forsskål 1775),Primary Piscivores,0.0199,2.869,,,,55,Carangoides bajad,Fishbase,Y,N,Y,,,,,
Carangidae,Caranx heberi,Caranx heberi,Caranx,(Bennett 1830),Primary Piscivores,0.0386,2.856,,,,88,Caranx heberi,Fishbase,Y,N,Y,,,,,
Carangidae,Elagatis bipinnulata,Elagatis bipinnulata ,Elagatis,(Quoy & Gaimard 1825),Piscivores,0.0135,2.92,2,,,180,Elagatis bipinnulata ,Fishbase,Y,N,Y,,,,,
Carangidae,Gnathanodon speciosus,Gnathanodon speciosus ,Gnathanodon,(Forsskal 1775),Piscivores,0.0199,2.995,20,0.999,4,74.5,Gnathanodon speciosus ,Kulbicki et al 2005  listed in Green & Bellwood 22,Y,N,Y,,,,,
Carangidae,Scomberoides lysan,S. lysan ,Scomberoid,(Fabricius 1775),Piscivores,0.0109,2.923,14,0.995,11.5,55.5,Scomberoides lysan ,Kulbicki et al 2005  listed in Green & Bellwood 22,Y,N,Y,,,,,
Carangidae,Scomberoides commersonianus,Scomberoid commerson ,Scomberoid,Lacepede 1801,Piscivores,0.015,2.89,,,13,50.4,Scomberoides commersonianus,Fishbase,Y,N,Y,,,,,
Carangidae,Scomberoides tol,S. tol,Scomberoid,(Cuvier 1832),Primary Piscivores,0.015,2.89,,,,,Scomberoides commersonianus,Fishbase,Y,N,Y,,,,,
Carangidae,Selar crumenophthalmus,Selar crumenophthalmus ,Selar,(Bloch 1793),Piscivores,0.0097,3.194,34,0.966,18,27.5,Selar crumenophthalmus ,Kulbicki et al 2005  listed in Green & Bellwood 22,Y,N,Y,,,,,
Carangidae,Trachinotus blochii,Trachinotus blochii,Trachinotus,(Lacepède 1801),Primary piscivores,0.352,2.252,42,,41,80,Trachinotus blochii,Fishbase,Y,N,Y,,,,,
Carangidae,Carangoides spp.,Carangoid. sp1,Carangoides,,Primary Piscivores,0.0198,2.986,,,,,Caranx spp.,Kulbicki et al 2005  listed in Green & Bellwood 22,Y,N,Y,,,,,
Lutjanidae,Aphareus furca,Aphareus furca ,Aphareus,(Lacepede 1801),Omnivores,0.023,2.886,,,,88,Aprion virescens ,Kulbicki et al 2005  listed in Green & Bellwood 22,Y,Y,Y,,,,,
Lutjanidae,Aprion virescens,Aprion virescens ,Aprion,Valenciennes 1830,Primary Piscivores,0.023,2.886,121,0.98,22.5,88,Aprion virescens ,Kulbicki et al 2005  listed in Green & Bellwood 23,Y,Y,Y,,,,,
Lutjanidae,Lutjanus bohar,L. bohar ,Lutjanus,(Fabricius 1775),Primary Piscivores,0.0156,3.059,510,0.997,4,75,Lutjanus bohar ,Kulbicki et al 2005  listed in Green & Bellwood 24,Y,Y,Y,,,,,
Lutjanidae,Lutjanus coeruleolineatus,L. coerulineatus*,Lutjanus,(Ruppell 1828),Omnivores,0.0084,3.247,127,0.983,4,26,Lutjanus kasmira ,Kulbicki et al 2005  listed in Green & Bellwood 25,N,Y,Y,,,,,
Lutjanidae,Lutjanus ehrenbergi,L. ehrenbergi,Lutjanus,(Peters 1869),Omnivores,0.025,2.960,,,,32.500,Lutjanus fulviflamma ,Kulbicki et al 2005  listed in Green & Bellwood 26,N,Y,Y,,,,,
Lutjanidae,Lutjanus fulviflamma,L. fulviflamma ,Lutjanus,(Forsskal 1775),Omnivores,0.025,2.96,867,0.994,5,32.5,Lutjanus fulviflamma ,Kulbicki et al 2005  listed in Green & Bellwood 27,N,Y,Y,,,,,
Lutjanidae,Lutjanus fulvus,L. fulvus ,Lutjanus,(Forster 1801),Omnivores,0.0211,2.974,318,0.994,4,31,Lutjanus fulvus ,Kulbicki et al 2005  listed in Green & Bellwood 28,N,Y,Y,,,,,
Lutjanidae,Lutjanus gibbus,L. gibbus,Lutjanus,(Forsskal 1775),Omnivores,0.0131,3.138,515,0.991,14.2,40.5,Lutjanus gibbus,Kulbicki et al 2005  listed in Green & Bellwood 29,Y,Y,Y,,,,,
Lutjanidae,Lutjanus lutjanus,L. lutjanus ,Lutjanus,Bloch 1790,Omnivores,0.0182,2.969,68,0.994,8.5,28,Lutjanus lutjanus,Kulbicki et al 2005  listed in Green & Bellwood 29,N,Y,Y,,,,,
Lutjanidae,Lutjanus kasmira,L. kasmira ,Lutjanus,(Fabricius 1775),Omnivores,0.0084,3.247,127,0.983,4,26,Lutjanus kasmira ,Kulbicki et al 2005  listed in Green & Bellwood 29,N,Y,Y,,,,,
Lutjanidae,Lutjanus monostigma,L. monostigma ,Lutjanus,(Cuvier 1828),Omnivores,0.0222,2.913,15,0.986,25,53.5,Lutjanus monostigma ,Kulbicki et al 2005  listed in Green & Bellwood 30,Y,Y,Y,,,,,
Lutjanidae,Lutjanus rivulatus,L. rivulatus ,Lutjanus,(Cuvier 1828),Omnivores,0.0084,3.26,12,0.994,15.5,76,Lutjanus rivulatus ,Kulbicki et al 2005  listed in Green & Bellwood 31,Y,Y,Y,,,,,
Lutjanidae,Lutjanus bengalensis,L. bengalensis,Lutjanus,(Bloch 1790),Omnivores,0.0084,3.247,127,0.983,4,26,Lutjanus kasmira ,Kulbicki et al 2005  listed in Green & Bellwood 31,N,Y,Y,,,,,
Lutjanidae,Lutjanus argentimaculatus,Lutjanus argentimac. ,Lutjanus,(Forsskal 1775),Omnivores,0.028,2.844,308.000,0.997,5.500,68.000,Lutjanus argentimaculatus,Kulbicki et al 2005  listed in Green & Bellwood 32,Y,Y,Y,,,,,
Lutjanidae,Macolor niger,Macolor niger ,Macolor,(Forsskal 1775),Omnivores,0.0308,3.000,,,,70,Macolor niger,Fishbase,Y,Y,Y,,,,,
Lutjanidae,Macolor macularis,Macolor macularis,Macolor,Fowler 1931,Omnivores,0.0308,3.000,,,,70,Macolor niger,Fishbase,Y,Y,Y,,,,,
Lutjanidae,Paracaesio sordidus,Paracaesio sordidus,Paracaesio,Abe & Shinohara 1962,Omnivores,0.0178,3.05,,,,48,,,N,Y,Y,,,,,
Lutjanidae,Lutjanus spp.,Lutjanus spp.,Lutjanus,,Omnivores,0.0151,3.057,5107,0.993,4,77,Lutjanus spp.,Kulbicki et al 2005  listed in Green & Bellwood 32,Y,Y,Y,,,,,
Caesionidae,Caesio lunaris,C. lunaris ,Caesio,Cuvier 1830,Planktivores,0.0093,3.253,,,,40,Caesio spp.,Kulbicki et al 2005  listed in Green & Bellwood 33,N,Y,Y,,,,,
Caesionidae,Caesio varilineata,C. varilineata,Caesio,Carpenter 1987,Planktivores,0.0093,3.253,,,,40,Caesio spp.,Kulbicki et al 2005  listed in Green & Bellwood 33,N,Y,Y,,,,,
Caesionidae,Caesio xanthonota,C. xanthonota ,Caesio,Bleeker 1853,Planktivores,0.0126,3.09,,,,40,Caesio spp.,Kulbicki et al 2005  listed in Green & Bellwood 33,N,Y,Y,,,,,
Caesionidae,Caesio caerulaurea,Caesio caerulaurea ,Caesio,Lacepède 1801,Planktivores,0.0093,3.253,,,,35,Caesio spp.,Kulbicki et al 2005  listed in Green & Bellwood 34,N,Y,Y,,,,,
Caesionidae,Caesio teres,Caesio teres,Caesio,Seale 1906,Planktivores,0.0093,3.253,,,6.7,24.3,Caesio spp.,Kulbicki et al 2005  listed in Green & Bellwood 35,N,Y,Y,,,,,
Caesionidae,Pterocaesio chrysozona,Pterocaesio chrysozona,Pterocaesio,(Cuvier 1830),Planktivores,0.0093,3.253,,,,21,Caesio spp.,Kulbicki et al 2005  listed in Green & Bellwood 36,N,Y,Y,,,,,
Caesionidae,Pterocaesio marri,Pterocaesio marri,Pterocaesio,Schultz 1953,Planktivores,0.0093,3.253,,,,35,Caesio spp.,Kulbicki et al 2005  listed in Green & Bellwood 37,N,Y,Y,,,,,
Caesionidae,Pterocaesio pisang,Pterocaesio pisang ,Pterocaesio,(Bleeker 1853),Planktivores,0.01,3.100,,,,21.000,,,N,Y,Y,,,,,
Caesionidae,Pterocaesio sp. (cf. trilineata),Pterocaesio sp.(cf trilineata),Pterocaesio,(Carpenter 1987),Planktivores,0.0107,3.178,,,6,15,Pterocaesio trilineata ,Kulbicki et al 2005  listed in Green & Bellwood 37,N,Y,Y,,,,,
Caesionidae,Pterocaesio tile,Pterocaesio tile,Pterocaesio,(Cuvier 1830),Planktivores,0.0093,3.253,,,6.7,24.3,Caesio spp.,Kulbicki et al 2005  listed in Green & Bellwood 37,N,Y,Y,,,,,
Caesionidae,Caesio spp.,Caesio spp.,Caesio,,Planktivores,0.0093,3.253,,,,,Caesio spp.,Kulbicki et al 2005  listed in Green & Bellwood 37,N,Y,Y,,,,,
Haemulidae,Diagramma centurio,Diagramma picta,Diagramma,Johnson & Worthington Wilmer 2015,Omnivores,0.0144,2.988,547,0.997,7,75,Diagramma centurio ,Kulbicki et al 2005  listed in Green & Bellwood 37,N,Y,Y,,,,,
Haemulidae,Plectorhinchus gaterinus,P. gaterinus ,Plectorhinchus,Fabricius 1775,Omnivores,0.0126,3.079,22,0.994,19.5,44,Plectorhinchus lineatus,Kulbicki et al 2005  listed in Green & Bellwood 38,N,Y,Y,,,,,
Haemulidae,Plectorhinchus gibbosus,P. gibbosus ,Plectorhinchus,(Lacepede 1802),Omnivores,0.0226,2.962,14,0.975,7,38,Plectorhinchus gibbosus ,Kulbicki et al 2005  listed in Green & Bellwood 39,N,Y,Y,,,,,
Haemulidae,Plectorhinchus paulayi,P. paulayi,Plectorhinchus,Steindachner 1895,Omnivores,0.01413,3,,,,45,,,N,Y,Y,,,,,
Haemulidae,Plectorhinchus picus,P. pictus,Plectorhinchus,(Cuvier 1828),Omnivores,0.01148,3.03,,,,84,,,N,Y,Y,,,,,
Haemulidae,Plectorhinchus plagiodesmus,P. plagiodesmus ,Plectorhinchus,Fowler 1935,Omnivores,0.01905,2.95,,,,90,,,N,Y,Y,,,,,
Haemulidae,Plectorhinchus playfairi,P. playfairi ,Plectorhinchus,(Pellegrin 1914),Omnivores,0.0396,2.761,,,,61,Plectorhinchus gibbosus,Kulbicki et al 2005  listed in Green & Bellwood 39,N,Y,Y,,,,,
Haemulidae,Plectorhinchus schotaf,P. schotaf ,Plectorhinchus,(Walbaum 1792),Omnivores,0.0126,3.079,22,0.994,19.5,44,Plectorhinchus lineatus,Kulbicki et al 2005  listed in Green & Bellwood 38,N,Y,Y,,,,,
Haemulidae,Plectorhinchus albovittatus,Plectorhinchus albovittatus,Plectorhinchus,(Ruppell 1838),Omnivores,0.0173,3.04,,,,53.5,Plectorhinchus chaetodontoides,Kulbicki et al 2005  listed in Green & Bellwood 39,N,Y,Y,,,,,
Haemulidae,Plectorhinchus flavomaculatus,Plectorhinchus flavomac.,Plectorhinchus,(Cuvier 1830),Omnivores,0.0126,3.079,,,,44,Plectorhinchus lineatus,Kulbicki et al 2005  listed in Green & Bellwood 38,N,Y,Y,,,,,
Haemulidae,Plectorhinchus sordidus,Plectorhinchus sordidus,Plectorhinchus,(Klunzinger 1870),Omnivores,0.297,0.812,,,,,Plectorhinchus sordidus,Fishbase,,,,,,,,
Haemulidae,Plectorhinchus vittatus,Plectorhinchus vittatus,Plectorhinchus,(Linnaeus 1758),Omnivores,0.0126,3.079,22,0.994,19.5,44,Plectorhinchus lineatus,Kulbicki et al 2005  listed in Green & Bellwood 38,N,Y,Y,,,,,
Haemulidae,Plectorhinchus spp.,Plectorhinchus spp.,Plectorhinchus,,Omnivores,0.0197,2.969,,,,,Plectorhinchus spp.,Kulbicki et al 2005  listed in Green & Bellwood 38,N,Y,T,,,,,
Nemipteridae,Scolopsis ghanam,S. ghanam,Scolopsis,(Fabricius 1775),,0.01738,2.98,,,,30,,,N,N,Y,,,,,
Nemipteridae,Scolopsis torquata,S. torquata,Scolopsis,(Cuvier 1830),,0.01585,3.03,,,,25,,,N,N,Y,,,,,
Nemipteridae,Scolopsis frenatus,Scol. frenatus,Scolopsis,(Cuvier 1830),,0.01738,2.98,,,,26,,,N,N,Y,,,,,
Nemipteridae,Scolopsis bimaculatus,Scolopsis bimaculatus ,Scolopsis,Ruppell 1828,,0.01738,2.98,,,,31,,,N,N,Y,,,,,
Lethrinidae,Gnathodentex aurolineatus,Gnathoden. aurolinea,Gnathodentex,(Lacepede 1802),Omnivores,0.018,3.063,53,0.983,8.5,20.5,Gnathodentex aurolineatus,Kulbicki et al 2005  listed in Green & Bellwood 38,N,Y,Y,,,,,
Lethrinidae,Gymnocranius grandoculis,Gymnoc. grandoculis,Gymnocranius,(Valenciennes 1830),Omnivores,0.032,2.885,243,0.995,16,69,Gymnocranius grandoculis,,Y,Y,Y,,,,,
Lethrinidae,Gymnocranius elongatus,Gymnocranius elongatus,Gymnocranius,Senta 1973,Omnivores,0.01778,2.97,,,,35,,,N,Y,Y,,,,,
Lethrinidae,Gymnocranius griseus,Gymnoc. griseus,Gymnocranius,(Temminck & Schlegel 1843),Omnivores,0.0225,3.001,,,,49,Gymnocranius euanus,Kulbicki et al 2005  listed in Green & Bellwood 38,N,Y,Y,,,,,
Lethrinidae,Lethrinus crocineus,L. crocineus,Lethrinus,Smith 1959,Omnivores,0.0187,2.996,,,,69.5,Lethrinus nebulosus,Kulbicki et al 2005  listed in Green & Bellwood 39,N,Y,Y,,,,,
Lethrinidae,Lethrinus erythracanthus,L. erythracanthus,Lethrinus,Valenciennes 1830,Omnivores,0.0201,2.964,,,,62.5,Lethrinus xanthochilus,Kulbicki et al 2005  listed in Green & Bellwood 40,Y,Y,Y,,,,,
Lethrinidae,Lethrinus harak,L. harak,Lethrinus,(Fabricius 1775),Omnivores,0.017,3.042,111,0.997,6,32,Lethrinus harak,Kulbicki et al 2005  listed in Green & Bellwood 41,N,Y,Y,,,,,
Lethrinidae,Lethrinus lentjan,L. lentjan,Lethrinus,(Lacepede 1802),Omnivores,0.0197,2.986,380,0.995,6.5,44.5,Lethrinus lentjan,Kulbicki et al 2005  listed in Green & Bellwood 42,N,Y,Y,,,,,
Lethrinidae,Lethrinus mahsena,L. mahsena,Lethrinus,(Fabricius 1775),Omnivores,0.0165,3.043,119,0.937,12,86,Lethrinus spp.,Kulbicki et al 2005  listed in Green & Bellwood 43,Y,Y,Y,,,,,
Lethrinidae,Lethrinus microdon,L. microdon,Lethrinus,Valenciennes 1830,Omnivores,0.0294,2.851,,,,72.5,Lethrinus olivaceus,Kulbicki et al 2005  listed in Green & Bellwood 44,Y,Y,Y,,,,,
Lethrinidae,Lethrinus nebulosus,L. nebulosus,Lethrinus,(Forsskal 1775),Omnivores,0.0187,2.996,2980,0.996,3.5,69.5,Lethrinus nebulosus,Kulbicki et al 2005  listed in Green & Bellwood 45,Y,Y,Y,,,,,
Lethrinidae,Lethrinus obsoletus,L. obsoletus,Lethrinus,(Forsskal 1775),Omnivores,0.0173,3.026,133,0.992,11,31,Lethrinus obsoletus,Kulbicki et al 2005  listed in Green & Bellwood 46,Y,Y,Y,,,,,
Lethrinidae,Lethrinus olivaceus,L. olivaceus,Lethrinus,Valenciennes 1830,Omnivores,0.0294,2.851,135,0.992,22.5,72.5,Lethrinus olivaceus,Kulbicki et al 2005  listed in Green & Bellwood 47,Y,Y,Y,,,,,
Lethrinidae,Lethrinus sanguineus,L. sanguineus,Lethrinus,(Fabricius 1775),Omnivores,0.01349,3.01,,,,65,,,N,Y,Y,,,,,
Lethrinidae,Lethrinus xanthochilus,L. xanthocheilus,Lethrinus,Klunzinger 1870,Omnivores,0.0201,2.964,59,0.992,22,62.5,Lethrinus xanthochilus,Kulbicki et al 2005  listed in Green & Bellwood 47,Y,Y,Y,,,,,
Lethrinidae,Monotaxis grandoculis,Monotaxis grandoc,Monotaxis,(Forsskal 1775),Omnivores,0.023,3.022,63,0.999,4,45,Monotaxis grandoculis,Kulbicki et al 2005  listed in Green & Bellwood 48,Y,Y,Y,,,,,
Lethrinidae,Lethrinus spp.,Lethrinus spp.,Lethrinus,,Omnivores,0.0165,3.043,7597,0.996,2.5,86,Lethrinus spp.,Kulbicki et al 2005  listed in Green & Bellwood 49,Y,Y,Y,,,,,
Mullidae,Mulloidichthys vanicolensis,M. vanicolensis,Mulloidichthys,(Valenciennes 1831),,,,,,,,,,N,N,Y,,,,,
Mullidae,Mulloidichthys flavolineatus ,Mulloidi. flavolineatus ,Mulloidichthys,(Lacepede 1802),,,,,,,,,,N,N,Y,,,,,
Mullidae,Parupeneus cyclostomus ,P. cyclostomus ,Parupeneus,(Lacepede 1802),,,,,,,,,,N,N,Y,,,,,
Mullidae,Parupeneus heptacanthus ,P. heptacanthus ,Parupeneus,(Lacepede 1802),,,,,,,,,,N,N,Y,,,,,
Mullidae,Parupeneus indicus ,P. indicus ,Parupeneus,(Shaw 1803),,,,,,,,,,N,N,Y,,,,,
Mullidae,Parupeneus macronema ,P. macronema ,Parupeneus,(Lacepede 1801),,,,,,,,,,N,N,Y,,,,,
Mullidae,Parupeneus pleurostigma ,P. pleurostigma ,Parupeneus,(Bennett 1831),,,,,,,,,,N,N,Y,,,,,
Mullidae,Parupeneus rubescens ,P. rubescens ,Parupeneus,(Lacepede 1801),,,,,,,,,,N,N,Y,,,,,
Mullidae,Parupeneus trifasciatus,P. trifasciatus,Parupeneus,(Lacepede 1801),,,,,,,,,,N,N,Y,,,,,
Mullidae,Parupeneus barberinus,Parupeneus barberinus,Parupeneus,(Lacepede 1801),,,,,,,,,,N,N,Y,,,,,
Chaetodontidae,Chaetodon bennetti,C. bennetti,Chaetodon,Cuvier 1831,Corallivores,0.0384,2.885,20,0.994,3,12.6,Chaetodon bennetti,Kulbicki et al 2005  listed in Green & Bellwood 49,N,Y,Y,,,,,
Chaetodontidae,Chaetodon falcula,C. falcula,Chaetodon,Bloch 1795,Invertivores,0.045,2.814,,,,19,Chaetodon spp.,Kulbicki et al 2005  listed in Green & Bellwood 50,N,Y,Y,,,,,
Chaetodontidae,Chaetodon guttatissimus,C. guttatissimus,Chaetodon,Bennett 1833,Invertivores,0.045,2.814,,,,19,Chaetodon spp.,Kulbicki et al 2005  listed in Green & Bellwood 51,N,Y,Y,,,,,
Chaetodontidae,Chaetodon interruptus,C. interruptus,Chaetodon,Ahl 1923,Invertivores,0.0533,2.833,13,0.998,4.5,18,Chaetodon unimaculatus,Kulbicki et al 2005  listed in Green & Bellwood 52,N,Y,Y,,,,,
Chaetodontidae,Chaetodon fasciatus,C. fasciatus*,Chaetodon,Forsskål 1775,Corallivores,0.045,2.814,1927,0.982,2,19,Chaetodon spp.,Kulbicki et al 2005  listed in Green & Bellwood 51,N,Y,Y,,,,,
Chaetodontidae,Chaetodon melapterus,C. melapterus*,Chaetodon,Guichenot 1863,Corallivores,0.0450,2.814,1927,0.982,2,19,Chaetodon spp.,Kulbicki et al 2005  listed in Green & Bellwood 51,N,Y,Y,,,,,
Chaetodontidae,Chaetodon kleinii,C. kleinii,Chaetodon,Bloch 1790,Invertivores,0.0448,2.828,,,,,Chaetodon kleinii,Fishbase,N,Y,Y,,,,,
Chaetodontidae,Chaetodon leucopleura,C. leucopleura,Chaetodon,Playfair 1867,Invertivores,0.045,2.814,1927,0.982,2,19,Chaetodon spp.,Kulbicki et al 2005  listed in Green & Bellwood 51,N,Y,Y,,,,,
Chaetodontidae,Chaetodon lineolatus,C. lineolatus,Chaetodon,Cuvier 1831,Invertivores,0.0693,2.622,89,0.987,2,20,Chaetodon lineolatus,Kulbicki et al 2005  listed in Green & Bellwood 52,N,Y,Y,,,,,
Chaetodontidae,Chaetodon lunula,C. lunula,Chaetodon,(Lacepede 1802),Invertivores,0.045,2.814,,,,19,Chaetodon spp.,Kulbicki et al 2005  listed in Green & Bellwood 51,N,Y,Y,,,,,
Chaetodontidae,Chaetodon semilarvatus,C. semilarvatus*,Chaetodon,Cuvier 1831,Invertivores,0.0693,2.622,89,0.987,2,20,Chaetodon lineolatus,Kulbicki et al 2005  listed in Green & Bellwood 52,N,Y,Y,,,,,
Chaetodontidae,Chaetodon larvatus,C. larvatus*,Chaetodon,Cuvier 1831,Corallivores,0.0257,3.1,597,0.98,2,19,Chaetodon larvatus,Kulbicki et al 2005  listed in Green & Bellwood 53,N,Y,Y,,,,,
Chaetodontidae,Chaetodon madagaskariensis,C. madagaskariensis,Chaetodon,Ahl 1923,Invertivores,0.045,2.814,,,,19,Chaetodon spp.,Kulbicki et al 2005  listed in Green & Bellwood 51,N,Y,Y,,,,,
Chaetodontidae,Chaetodon melannotus,C. melannotus,Chaetodon,Bloch & Schneider 1801,Corallivores,0.0267,3.049,138,0.988,2,11.1,Chaetodon melannotus,Kulbicki et al 2005  listed in Green & Bellwood 52,N,Y,Y,,,,,
Chaetodontidae,Chaetodon meyeri,C. meyeri,Chaetodon,Bloch & Schneider 1801,Corallivores,0.045,2.814,,,,19,Chaetodon spp.,Kulbicki et al 2005  listed in Green & Bellwood 51,N,Y,Y,,,,,
Chaetodontidae,Chaetodon trifascialis,C. trifascialis,Chaetodon,Quoy & Gaimard 1825,Corallivores,0.0258,2.969,23,0.985,3,14,Chaetodon trifascialis,Kulbicki et al 2005  listed in Green & Bellwood 52,N,Y,Y,,,,,
Chaetodontidae,Chaetodon trifasciatus,C. trifasciatus,Chaetodon,Park 1797,Corallivores,0.0311,2.976,189,0.983,3.5,12.1,Chaetodon trifasciatus,Kulbicki et al 2005  listed in Green & Bellwood 53,N,Y,Y,,,,,
Chaetodontidae,Chaetodon vagabundus,C. vagabundus,Chaetodon,Linnaeus 1758,Invertivores,0.0278,2.973,65,0.99,4,14,Chaetodon vagabundus,Kulbicki et al 2005  listed in Green & Bellwood 54,N,Y,Y,,,,,
Chaetodontidae,Chaetodon xanthocephalus,C. xanthocephalus,Chaetodon,Bennett 1833,Invertivores,0.045,2.814,,,,19,Chaetodon spp.,Kulbicki et al 2005  listed in Green & Bellwood 51,N,Y,Y,,,,,
Chaetodontidae,Chaetodon zanzibarensis,C. zanzibarensis,Chaetodon,Playfair 1867,Invertivores,0.045,2.814,,,,19,Chaetodon spp.,Kulbicki et al 2005  listed in Green & Bellwood 52,N,Y,Y,,,,,
Chaetodontidae,Chaetodon mesoleucos,C. mesoleucos*,Chaetodon,(Bloch 1787),Invertivores,0.045,2.814,1927,0.982,2,19,Chaetodon spp.,Kulbicki et al 2005  listed in Green & Bellwood 53,N,Y,Y,,,,,
Chaetodontidae,Chaetodon auriga,Chaetodon auriga,Chaetodon,Forsskal 1775,Invertivores,0.0404,2.829,246,0.992,2.4,19,Chaetodon auriga,Kulbicki et al 2005  listed in Green & Bellwood 54,N,Y,Y,,,,,
Chaetodontidae,Chaetodon dolosus,Chaetodon dolosus,Chaetodon,Ahl 1923,Invertivores,0.045,2.814,,,,,Chaetodon spp.,Kulbicki et al 2005  listed in Green & Bellwood 51,N,Y,Y,,,,,
Chaetodontidae,Forcipiger longirostris,F. longirostris,Forcipiger,(Broussonet 1782),Invertivores,0.0138,3.000,1.000,,17.200,17.200,Forcipiger longirostris,Fishbase,N,Y,Y,,,,,
Chaetodontidae,Forcipiger flavissimus,Forcipiger flavissimis,Forcipiger,Jordan & McGregor 1898,Invertivores,0.0125,3,3,,13.6,15.3,Forcipiger flavissimis,Fishbase,N,Y,Y,,,,,
Chaetodontidae,Hemitaurichthys zoster,Hemitaurichthys zoster,Hemitaurichthys,(Bennett 1831),Planktivores,0.045,2.814,,,,19,Chaetodon spp.,Kulbicki et al 2005  listed in Green & Bellwood 51,N,Y,Y,,,,,
Chaetodontidae,Heniochus acuminatus,Heniochus acuminatus,Heniochus,(Linnaeus 1758),Planktivores,0.0247,3.106,85,0.99,3.5,17.5,Heniochus acuminatus,Kulbicki et al 2005  listed in Green & Bellwood 52,N,Y,Y,,,,,
Chaetodontidae,Heniochus diphreutes,Heniochus diphreutes,Heniochus,Jordan 1903,Planktivores,0.0252,3.082,146,0.991,3.5,21.4,Heniochus spp.,Kulbicki et al 2005  listed in Green & Bellwood 53,N,Y,Y,,,,,
Chaetodontidae,Heniochus monoceros,Heniochus monoceros,Heniochus,Cuvier 1831,Invertivores,0.017,3.211,29,0.991,9,21,Heniochus monoceros,Kulbicki et al 2005  listed in Green & Bellwood 54,N,Y,Y,,,,,
Chaetodontidae,Heniochus intermedius,Heniochus intermedius*,Heniochus,Steindachner 1893,Invertivores,0.0252,3.082,146,0.991,3.5,21.4,Heniochus spp.,Kulbicki et al 2005  listed in Green & Bellwood 53,N,Y,Y,,,,,
Chaetodontidae,Chaetodon spp.,,Chaetodon,,Invertivores,0.045,2.814,1927,0.982,2,19,Chaetodon spp.,Kulbicki et al 2005  listed in Green & Bellwood 95,N,Y,Y,,,,,
Chaetodontidae,Heniochus spp.,Heniochus sp.,Heniochus,,Invertivores,0.017,3.211,,,,,Heniochus spp.,Kulbicki et al 2005  listed in Green & Bellwood 53,N,Y,Y,,,,,
Pomacanthidae,Apolemichthys trimaculatus,Apolemichthys trimacul,Apolemichthys,(Cuvier 1831) ,Invertivores,0.0309,3.000,,,,,Apolemichthys arcuatus,Fishbase,N,Y,Y,,,,,
Pomacanthidae,Centropyge bispinosa,C. bispinosa,Centropyge,(Gunther 1860),Grazer-detritivores,0.0745,2.577,,,,,Centropyge spp.,Kulbicki et al 2005  listed in Green & Bellwood 53,N,Y,Y,,,,,
Pomacanthidae,Centropyge multispinis,C. multispinis,Centropyge,(Playfair 1867),Grazer-detritivores,0.0745,2.577,,,,,Centropyge spp.,Kulbicki et al 2005  listed in Green & Bellwood 54,N,Y,Y,,,,,
Pomacanthidae,Centropyge acanthops,Centropyge acanthops,Centropyge,(Norman 1922),Grazer-detritivores,0.0745,2.577,,,,,Centropyge spp.,Kulbicki et al 2005  listed in Green & Bellwood 55,N,Y,Y,,,,,
Pomacanthidae,Centropyge spp.,Centropyge sp.,Centropyge,,Grazer-detritivores,0.0745,2.577,,,,,Centropyge spp.,Kulbicki et al 2005  listed in Green & Bellwood 56,N,Y,Y,,,,,
Pomacanthidae,Genicanthus caudovittatus,Genicanthus caudovittatus,Genicanthus,(Gunther 1860),Planktivores,0.00762,3,,,,,Genicanthus caudovittatus,Fishbase,N,Y,Y,,,,,
Pomacanthidae,Pomacanthus imperator,P. imperator,Pomacanthus,(Bloch 1787),Invertivores,0.0669,2.724,,,,,Pomacanthus sexstriatus,Kulbicki et al 2005  listed in Green & Bellwood 56,N,Y,Y,,,,,
Pomacanthidae,Pomacanthus semicirculatus,P. semicirculatus,Pomacanthus,(Cuvier 1831),Invertivores,0.0669,2.724,,,,,Pomacanthus sexstriatus,Kulbicki et al 2005  listed in Green & Bellwood 57,N,Y,Y,,,,,
Pomacanthidae,Pomacanthus chrysurus,Pomacanthus chrysurus,Pomacanthus,(Cuvier 1831),Invertivores,0.0669,2.724,,,,,Pomacanthus sexstriatus,Kulbicki et al 2005  listed in Green & Bellwood 58,N,Y,Y,,,,,
Pomacanthidae,Pomacanthus maculosus,Pomacanthus maculosus,Pomacanthus,Forsskal 1775,Invertivores,0.0669,2.724,,,,,Pomacanthus sexstriatus,Kulbicki et al 2005  listed in Green & Bellwood 59,N,Y,Y,,,,,
Pomacanthidae,Pomacanthus asfur,P. asfur*,Pomacanthus,(Fabricius 1775),Invertivores,0.0669,2.724,20,0.999,3.5,36.4,Pomacanthus sexstriatus,Kulbicki et al 2005  listed in Green & Bellwood 60,N,Y,Y,,,,,
Pomacanthidae,Pygoplites diacanthus,Pygoplites diacanthus,Pygoplites,(Boddaert 1772),Invertivores,0.0276,3.000,,,,,Pygoplites diacanthus,Fishbase,N,Y,Y,,,,,
Pomacanthidae,Pomacanthid spp.,Pomacanthid sp.,Pomacanthus,,Invertivores,0.0669,2.724,,,,,Pomacanthus sexstriatus,Kulbicki et al 2005  listed in Green & Bellwood 60,N,Y,Y,,,,,
Pomacentridae,Amphiprion akallopisos,Amphiprion akallopisos,Amphiprion,Bleeker 1853,,,,,,,,,,N,N,Y,,,,,
Pomacentridae,Amphiprion allardi,A. allardi,Amphiprion,Klausewitz 1970,,,,,,,,,,N,N,Y,,,,,
Pomacentridae,Amphiprion bicinctus,Amphiprion cf. bicinctus,Amphiprion,Ruppell 1830,,,,,,,,,,N,N,Y,,,,,
Pomacentridae,Amphiprion latifasciatus,A. latifasciatus,Amphiprion,Allen 1972,,,,,,,,,,N,N,Y,,,,,
Pomacentridae,Abudefduf sexfasciatus,A. sexfasciatus,Abudefduf,(Lacepede 1801),,,,,,,,,,N,N,Y,,,,,
Pomacentridae,Abudefduf sparoides,A. sparoides,Abudefduf,(Quoy & Gaimard 1825),,,,,,,,,,N,N,Y,,,,,
Pomacentridae,Abudefduf vaigiensis,A. vaigiensis,Abudefduf,(Quoy & Gaimard 1825),,,,,,,,,,N,N,Y,,,,,
Pomacentridae,Abudefduf sordidus,Abudefduf sordidus,Abudefduf,Forsskal 1775,,,,,,,,,,N,N,Y,,,,,
Pomacentridae,Amblyglyphidodon indicus,Amblygl. indicus,Amblygliphidodon,Allen & Randall 2002,,,,,,,,,,N,N,Y,,,,,
Pomacentridae,Chromis atripectoralis,C. atripectoralis,Chromis,Welander & Schultz 1951,,,,,,,,,,N,N,Y,,,,,
Pomacentridae,Chromis fieldi,C. dimidiata (fieldi),Chromis,Randall & DiBattista 2013,,,,,,,,,,N,N,Y,,,,,
Pomacentridae,Chromis lepidolepis,C. lepidolepis,Chromis,Bleeker 1877,,,,,,,,,,N,N,Y,,,,,
Pomacentridae,Chromis nigroanalis,C. nigroanalis,Chromis,Randall 1988,,,,,,,,,,N,N,Y,,,,,
Pomacentridae,Chromis nigrura,C. nigrura,Chromis,Smith 1960,,,,,,,,,,N,N,Y,,,,,
Pomacentridae,Chromis opercularis,C. opercularis,Chromis,(Gunther 1867),,,,,,,,,,N,N,Y,,,,,
Pomacentridae,Chromis ternatensis,C. ternatensis,Chromis,(Bleeker 1856),,,,,,,,,,N,N,Y,,,,,
Pomacentridae,Chromis viridis,C. viridis,Chromis,(Cuvier 1830),,,,,,,,,,N,N,Y,,,,,
Pomacentridae,Chromis weberi,C. weberi,Chromis,Fowler & Bean 1928,,,,,,,,,,N,N,Y,,,,,
Pomacentridae,Chromis agilis,Chromis agilis,Chromis,Smith 1960,,,,,,,,,,N,N,Y,,,,,
Pomacentridae,Pomacentrus trichrourus,Pomacentrus trichrourus,Pomacentrus,Gunther 1867,,,,,,,,,,N,N,Y,,,,,
Pomacentridae,Chromis pembae,Chromis pembae,Chromis,Smith 1960,,,,,,,,,,N,N,Y,,,,,
Pomacentridae,Chrysiptera biocellata,Chry. biocellata,Chrysiptera,(Quoy & Gaimard 1825),,,,,,,,,,N,N,Y,,,,,
Pomacentridae,Chrysiptera glauca,Chry. glauca,Chrysiptera,(Cuvier 1830),,,,,,,,,,N,N,Y,,,,,
Pomacentridae,Chrysiptera leucopoma,Chry. leucopoma,Chrysiptera,(Cuvier 1830),,,,,,,,,,N,N,Y,,,,,
Pomacentridae,Chrysiptera unimaculata,Chry. unimaculata,Chrysiptera,(Quoy & Gaimard 1825),,,,,,,,,,N,N,Y,,,,,
Pomacentridae,Dascylus trimaculatus,D. trimaculatus,Dascylus,(Ruppell 1829) ,,,,,,,,,,N,N,Y,,,,,
Pomacentridae,Dascylus carneus,D.carneus,Dascylus,Fischer 1885,,,,,,,,,,N,N,Y,,,,,
Pomacentridae,Dascylus aruanus,Dascylus aruanus,Dascylus,(Fabricius 1775),,,,,,,,,,N,N,Y,,,,,
Pomacentridae,Neopomacentrus cyanomos,N. cyanomos,Neopomacentrus,(Bleeker 1856),,,,,,,,,,N,N,Y,,,,,
Pomacentridae,Neoglyphidodon melas,Neoglyphid. melas,Neoglyphidodon,(Valenciennes 1830),,,,,,,,,,N,N,Y,,,,,
Pomacentridae,Neopomacentrus sororius,Neopomacentrus sororius,Neopomacentrus,Randall & Allen 2005,,,,,,,,,,N,N,Y,,,,,
Pomacentridae,Pomacentrus aquilus,P. aquilus,Pomacentrus,Allen & Randall 1981,,,,,,,,,,N,N,Y,,,,,
Pomacentridae,Pomacentrus baenschi,P. baenschi,Pomacentrus,Allen 1991,,,,,,,,,,N,N,Y,,,,,
Pomacentridae,Pomacentrus caeruleus,P. caeruleus,Pomacentrus,Quoy & Gaimard 1825,,,,,,,,,,N,N,Y,,,,,
Pomacentridae,Pomacentrus  sp. 1 (cf. emarginatus),P. cf. emarginatus,Pomacentrus,,,,,,,,,,,N,N,Y,,,,,
Pomacentridae,Pomacentrus sp. 2 (cf. javanicus),P. cf. javanicus,Pomacentrus,,,,,,,,,,,N,N,Y,,,,,
Pomacentridae,Pomacentrus pavo,P. pavo,Pomacentrus,(Bloch 1787),,,,,,,,,,N,N,Y,,,,,
Pomacentridae,Pomacentrus sulfureus,P. sulfureus,Pomacentrus,Klunzinger 1871,,,,,,,,,,N,N,Y,,,,,
Pomacentridae,Pomacentrus trilineatus,P. trilineatus,Pomacentrus,Cuvier 1830,,,,,,,,,,N,N,Y,,,,,
Pomacentridae,Plectroglyphidodon johnstonianus,Pl. johnstonianus,Plectroglyphidodon,Fowler & Ball 1924,,,,,,,,,,N,N,Y,,,,,
Pomacentridae,Plectroglyphidodon lacrymatus,Pl. lacrymatus,Plectroglyphidodon,(Quoy & Gaimard 1825),,,,,,,,,,N,N,Y,,,,,
Pomacentridae,Plectroglyphidodon dickii,Plectroglyphid. dickii,Plectroglyphidodon,(Lienard 1839),,,,,,,,,,N,N,Y,,,,,
Pomacentridae,Pomacentrus caeruleopunctatus,Pomacentrus caeruleopunctatus,Pomacentrus,Allen 2002,,,,,,,,,,N,N,Y,,,,,
Pomacentridae,Pristotis obtusirostris,Pristotis obtusirostris,Pristotis,(Gunther 1862),,,,,,,,,,N,N,Y,,,,,
Pomacentridae,Stegastes nigricans,S. nigricans,Stegastes,(Lacepede 1802),,,,,,,,,,N,N,Y,,,,,
Pomacentridae,Stegastes luteobrunneus,Stegast luteobrunneus,Stegastes,(Smith 1960),,,,,,,,,,N,N,Y,,,,,
Pomacentridae,Stegastes sp.1,Stegastes sp.1,Stegastes,,,,,,,,,,,N,N,Y,,,,,
Labridae,Anampses meleagrides,A. meleagrides,Anampses,Valenciennes 1840,,,,,,,,,,N,N,Y,,,,,
Labridae,Anampses twistii,A. twistii,Anampses,Bleeker 1856,,,,,,,,,,N,N,Y,,,,,
Labridae,Anampses lineatus,An. lineatus,Anampses,Randall 1972,,,,,,,,,,N,N,Y,,,,,
Labridae,Anampses caeruleopunctatus,Anampses caeruleopunt,Anampses,Ruppell 1829,,,,,,,,,,N,N,Y,,,,,
Labridae,Macropharyngodon sp. ,,Macropharyngodon sp. ,,,,,,,,,,,N,N,Y,,,,,
Labridae,Bodianus axillaris,B. axillaris,Bodianus,(Bennett 1832),,,,,,,,,,N,N,Y,,,,,
Labridae,Bodianus bilunulatus,B. bilunulatus,Bodianus,(Lacepede 1801),,,,,,,,,,N,N,Y,,,,,
Labridae,Bodianus diana,B. diana,Bodianus,(Lacepede 1801),,,,,,,,,,N,N,Y,,,,,
Labridae,Bodianus macrourus,B. macrourus,Bodianus,(Lacepede 1801),,,,,,,,,,N,N,Y,,,,,
Labridae,Bodianus anthioides,Bodianus anthioides,Bodianus,(Bennett 1832),,,,,,,,,,N,N,Y,,,,,
Labridae,Coris batuensis,C. batuensis,Coris,(Bleeker 1856),,,,,,,,,,N,N,Y,,,,,
Labridae,Coris caudimacula,C. caudimacula,Coris,(Quoy & Gaimard 1834),,,,,,,,,,N,N,Y,,,,,
Labridae,Cheilinus  fasciatus,C. fasciatus,Cheilinus,(Bloch 1791),,,,,,,,,,N,N,Y,,,,,
Labridae,Coris formosa,C. formosa,Coris,(Bennett 1830),,,,,,,,,,N,N,Y,,,,,
Labridae,Cheilinus oxycephalus,C. oxycephalus,Cheilinus,Bleeker 1853,,,,,,,,,,N,N,Y,,,,,
Labridae,Cheilinus trilobatus,C. trilobatus,Cheilinus,Lacepede 1801,,,,,,,,,,N,N,Y,,,,,
Labridae,Cheilinus undulatus,C. undulatus,Cheilinus,Ruppell 1835,Omnivores,0.0113,3.136,16,0.998,23,93,Cheilinus undulatus,Kulbicki et al 2005  listed in Green & Bellwood 60,Y,N,Y,,,,,
Labridae,Cheilinus chlorourus,Cheilinus chlorourus,Cheilinus,(Bloch 1791),,,,,,,,,,N,N,Y,,,,,
Labridae,Cheilio inermis,Cheilio inermis,Cheilio,(Forsskal 1775),,,,,,,,,,N,N,Y,,,,,
Labridae,Cirrhilabrus sp. (cf. balteatus),Cirrhilabrus cf. balteatus,Cirrhilabrus,,,,,,,,,Cirrhilabrus exquisitus,,N,N,Y,,,,,
Labridae,Cirrhilabrus exquisitus,Cirrhilabrus exquisitus,Cirrhilabrus,Smith 1957,,,,,,,,,,N,N,Y,,,,,
Labridae,Coris aygula,Coris aygula,Coris,Lacepede 1801,,,,,,,,,,N,N,Y,,,,,
Labridae,Coris cuvieri,Coris cuvieri,Coris,(Bennett 1831),,,,,,,,,,N,N,Y,,,,,
Labridae,Epibulus insidiator,Epibulus insidiator,Epibulus,(Pallas 1770),,,,,,,,,,N,N,Y,,,,,
Labridae,Gomphosus caeruleus,Gomphosus caeruleus,Gomphosus,Lacepede 1801,,,,,,,,,,N,N,Y,,,,,
Labridae,Hologymnosus doliatus,H. doliatus,Hologymnosus,(Lacepede 1801),,,,,,,,,,N,N,Y,,,,,
Labridae,Halichoeres dussumieri,H. dussumieri,Halichoeres,(Lacepede 1801),,,,,,,,,,N,N,Y,,,,,
Labridae,Halichoeres hortulanus,H. hortulanus,Halichoeres,(Bennett 1831),,,,,,,,,,N,N,Y,,,,,
Labridae,Halichoeres iridis,H. iridis,Halichoeres,(Pallas 1770),,,,,,,,,,N,N,Y,,,,,
Labridae,Halichoeres lamarii,H. lamarii,Halichoeres,Lacepède 1801,,,,,,,,,,N,N,Y,,,,,
Labridae,Halichoeres nebulosus,H. nebulosus,Halichoeres,(Lacepède 1801),,,,,,,,,,N,N,Y,,,,,
Labridae,Halichoeres scapularis,H. scapularis,Halichoeres,(Valenciennes 1839),,,,,,,,,,N,N,Y,,,,,
Labridae,Halichoeres zeylonicus,H. zeylonicus,Halichoeres,(Lacepède 1801),,,,,,,,,,N,N,Y,,,,,
Labridae,Halichoeres cosmetus,Halichoeres cosmetus,Halichoeres,Randall & Smith 1982,,,,,,,,,,N,N,Y,,,,,
Labridae,Hemigymnus fasciatus,Hemigymnus fasciatus,Hemigymnus,(Valenciennes 1839),,,,,,,,,,N,N,Y,,,,,
Labridae,Hemigymnus melapterus,Hemigymnus melapterus,Hemigymnus,(Valenciennes 1839),,,,,,,,,,N,N,Y,,,,,
Labridae,Hologymnosus annulatus,Hologymnosus annulatus,Hologymnosus,(Bennett 1832),,,,,,,,,,N,N,Y,,,,,
Labridae,Labroides dimidiatus,L. dimidiatus,Labroides,(Bennett 1833),,,,,,,,,,N,N,Y,,,,,
Labridae,Labrichthys unilineatus,Labrichthys unilineatus,Labrichthys,(Bloch 1791),,,,,,,,,,N,N,Y,,,,,
Labridae,Labroides bicolor,Labroides bicolor,Labroides,(Lacepède 1801),,,,,,,,,,N,N,Y,,,,,
Labridae,Labropsis xanthonota,Labropsis xanthonota,Labropsis,(Valenciennes 1839),,,,,,,,,,N,N,Y,,,,,
Labridae,Macropharyngodon bipartitus,Macropharyngodon bipartitus,Macropharyngodon,Smith 1957,,,,,,,,,,N,N,Y,,,,,
Labridae,Macropharyngodon sp. ,,Macropharyngodon,,,,,,,,,,,N,N,Y,,,,,
Labridae,Macropharyngodon vivienae,Macropharyngodon vivienae,Macropharyngodon,(Guichenot 1847),,,,,,,,,,N,N,Y,,,,,
Labridae,Novaculichthys taeniourus,Novaculichthys taeniourus,Novaculichthys,Randall 1981,,,,,,,,,,N,N,Y,,,,,
Labridae,Oxycheilinus bimaculatus,Oxycheilinus bimaculatus,Oxycheilinus,Smith 1957,,,,,,,,,,N,N,Y,,,,,
Labridae,Oxycheilinus digrammus,Oxycheilinus digrammus,Oxycheilinus,Bleeker 1862,,,,,,,,,,N,N,Y,,,,,
Labridae,Oxycheilinus mentalis,Oxycheilinus mentalis,Oxycheilinus,Randall 1978,,,,,,,,,,N,N,Y,,,,,
Labridae,Oxycheilinus orientalis,Oxycheilinus orientalis,Oxycheilinus,(Günther 1862),,,,,,,,,,N,N,Y,,,,,
Labridae,Pseudocheilinus evanidus,Pseudocheilinus evanidus,Pseudocheilinus,(Lacepède 1801),,,,,,,,,,N,N,Y,,,,,
Labridae,Pseudocheilinus hexataenia,Pseudocheilinus hexataenia,Pseudocheilinus,(Valenciennes 1840),,,,,,,,,,N,N,Y,,,,,
Labridae,Pseudocheilinus sp.,Pseudocheilinus sp.,Pseudocheilinus,,,,,,,,,,,N,N,Y,,,,,
Labridae,Pseudocoris yamashiroi,Pseudocoris yamashiroi,Pseudocoris,(Rüppell 1828),,,,,,,,,,N,N,Y,,,,,
Labridae,Pseudodax moluccanus,Pseudodax moluccanus,Pseudodax,(Günther 1862),,,,,,,,,,N,N,Y,,,,,
Labridae,Pseudojuloides polackorum,Pseudojuloides polakorum,Pseudojuloides,Connell 2015,,,,,,,,,,N,N,Y,,,,,
Labridae,Pseudojuloides sp. (cf. atavi),Pseudojuloides cf. atavi,Pseudojuloides,,,,,,,,,,,N,N,Y,,,,,
Labridae,Pteragogus cryptus,Pteragogus cryptus,Pteragogus,Bleeker 1862,,,,,,,,,,N,N,Y,,,,,
Labridae,Pteragogus flagellifera,Pteragogus flagellifera,Pteragogus,(Schmidt 1931),,,,,,,,,,N,N,Y,,,,,
Labridae,Pteragogus sp.,Pteragogus sp.,Pteragogus,(Valenciennes 1840),,,,,,,,,,N,N,Y,,,,,
Labridae,Stethojulis albovittata,Stethojulis albovittatus,Stethojulis,(Bonnaterre 1788),,,,,,,,,,N,N,Y,,,,,
Labridae,Stethojulis strigiventer,Stethojulis strigiventer,Stethojulis,Randall 1981,,,,,,,,,,N,N,Y,,,,,
Labridae,Thalassoma hardwicki,T. hardwicki,Thalassoma,(Valenciennes 1839),,,,,,,,,,N,N,Y,,,,,
Labridae,Thalassoma herbracium,T. herbracium,Thalassoma,Peters 1855,,,,,,,,,,N,N,Y,,,,,
Labridae,Thalassoma lunare,T. lunare,Thalassoma,Peters 1855,,,,,,,,,,N,N,Y,,,,,
Labridae,Thalassoma purpureum,T. purpureum,Thalassoma,(Bonnaterre 1788),,,,,,,,,,N,N,Y,,,,,
Labridae,Thalassoma amblycephalum,Thalassoma amblycephal,Thalassoma,(Bennett 1833),,,,,,,,,,N,N,Y,,,,,
Labridae,Thalassoma genivittatum,Thalassoma sp.1 -genivittatum?,Thalassoma,(Bennett 1830),,,,,,,,,,N,N,Y,,,,,
Scarinae,Bolbometapon muricatum,Bolbo. muricatum,Bolbmetapon,"(Lacepede, 1801)",Large excavators,0.0098,3.133,,,,,Bolbometapon muricatum,Hamilton 2004,Y,Y,Y,,,,,
Scarinae,Calotomus carolinus,Calotomus carolinus,Calotomus,(Linnaeus 1758),Browsers,0.0122,3.167,,,,,Calotomus carolinus,Fishbase,N,Y,Y,,,,,
Scarinae,Calotomus spinidens,Calotomus spinidens,Calotomus,(Forsskål 1775),Browsers,0.0091,3.273,,,,,Calotomus spinidens,Fishbase,N,Y,Y,,,,,
Scarinae,Calotomus viridescens,Calotomus viridescens*,Calotomus,(Rüppell 1835),Browsers,0.01995,3.01,,,,,Calotomus viridescens,Fishbase,N,Y,Y,,,,,
Scarinae,Cetoscarus ocellatus,Cetoscarus ocellatus,Cetoscarus,(Bleeker 1856),Large excavators,0.0157,3.000,,,,,Cetoscarus ocellatus,Fishbase,Y,Y,Y,,,,,
Scarinae,Chlorurus capistratoides B,Chlor. capistratoides,Chlorurus,(Bleeker 1847),Large excavators,0.0243,2.969,,,,,Chlorurus sordidus,Kulbicki et al 2005  listed in Green & Bellwood 60,N,Y,N,,,,,
Scarinae,Chlorurus capistratoides S,Chlor. capistratoides,Chlorurus,(Bleeker 1847),Small excavators,0.0243,2.969,,,,,Chlorurus sordidus,Kulbicki et al 2005  listed in Green & Bellwood 61,N,Y,N,,,,,
Scarinae,Chlorurus capistratoides,Chlor. capistratoides,Chlorurus,(Bleeker 1847),Small excavators,0.0243,2.969,,,,,Chlorurus sordidus,Kulbicki et al 2005  listed in Green & Bellwood 62,N,N,Y,,,,,
Scarinae,Chlorurus cyanescens B,Chlor. cyanescens,Chlorurus,(Valenciennes 1840),Large excavators,0.0273,2.969,,,,,Chlorurus gibbus,Kulbicki et al 2005  listed in Green & Bellwood 63,N,Y,N,,,,,
Scarinae,Chlorurus cyanescens S,Chlor. cyanescens,Chlorurus,(Valenciennes 1840),Small excavators,0.0273,2.969,,,,,Chlorurus gibbus,Kulbicki et al 2005  listed in Green & Bellwood 64,N,Y,N,,,,,
Scarinae,Chlorurus cyanescens,Chlor. cyanescens,Chlorurus,(Valenciennes 1840),Small excavators,0.0273,2.969,,,,,Chlorurus gibbus,Kulbicki et al 2005  listed in Green & Bellwood 65,N,N,Y,,,,,
Scarinae,Chlorurus sordidus B,Chlor. sordidus,Chlorurus,(Forsskal 1775),Large excavators,0.0243,2.969,,,,,Chlorurus sordidus,Kulbicki et al 2005  listed in Green & Bellwood 66,N,Y,N,,,,,
Scarinae,Chlorurus sordidus S,Chlor. sordidus,Chlorurus,(Forsskal 1775),Small excavators,0.0243,2.969,,,,,Chlorurus sordidus,Kulbicki et al 2005  listed in Green & Bellwood 67,N,Y,N,,,,,
Scarinae,Chlorurus sordidus,Chlor. sordidus,Chlorurus,(Forsskal 1775),Small excavators,0.0243,2.969,,,,,Chlorurus sordidus,Kulbicki et al 2005  listed in Green & Bellwood 68,N,N,Y,,,,,
Scarinae,Chlorurus strongylocephalus B,Chlor. strongylocephalus,Chlorurus,(Bleeker 1855),Large excavators,0.0273,2.930,,,,,Chlorurus gibbus,Kulbicki et al 2005  listed in Green & Bellwood 64,Y,Y,N,,,,,
Scarinae,Chlorurus strongylocephalus S,Chlor. strongylocephalus,Chlorurus,(Bleeker 1855),Small excavators,0.0273,2.930,,,,,Chlorurus gibbus,Kulbicki et al 2005  listed in Green & Bellwood 64,Y,Y,N,,,,,
Scarinae,Chlorurus strongylocephalus,Chlor. strongylocephalus,Chlorurus,(Bleeker 1855),Small excavators,0.0273,2.930,,,,,Chlorurus gibbus,Kulbicki et al 2005  listed in Green & Bellwood 64,N,N,Y,,,,,
Scarinae,Chlorurus genazonatus B,Chlor. genazonatus*,Chlorurus,(Randall & Bruce 1983),Large excavators,0.0243,2.969,,,,,Chlorurus sordidus,Kulbicki et al 2005  listed in Green & Bellwood 66,N,Y,N,,,,,
Scarinae,Chlorurus genazonatus S,Chlor. genazonatus*,Chlorurus,(Randall & Bruce 1983),Small excavators,0.0243,2.969,,,,,Chlorurus sordidus,Kulbicki et al 2005  listed in Green & Bellwood 67,N,Y,N,,,,,
Scarinae,Chlorurus genazonatus,Chlor. genazonatus*,Chlorurus,(Randall & Bruce 1983),Small excavators,0.0243,2.969,,,,,Chlorurus sordidus,Kulbicki et al 2005  listed in Green & Bellwood 68,N,N,Y,,,,,
Scarinae,Chlorurus atrilunula B,Chlor. atrilunula,Chlorurus,(Randall & Bruce 1983),Large excavators,0.0243,2.969,,,,,Chlorurus sordidus,Kulbicki et al 2005  listed in Green & Bellwood 69,N,Y,N,,,,,
Scarinae,Chlorurus atrilunula S,Chlor. atrilunula,Chlorurus,(Randall & Bruce 1983),Small excavators,0.0243,2.969,,,,,Chlorurus sordidus,Kulbicki et al 2005  listed in Green & Bellwood 70,N,Y,N,,,,,
Scarinae,Chlorurus atrilunula,Chlor. atrilunula,Chlorurus,(Randall & Bruce 1983),Small excavators,0.0243,2.969,,,,,Chlorurus sordidus,Kulbicki et al 2005  listed in Green & Bellwood 71,N,N,Y,,,,,
Scarinae,Hipposcarus harid,Hipposcarus harid,Hipposcarus harid,(Fabricius 1775),Scrapers,0.0159,3.000,,,,,Hipposcarus harid,Fishbase,Y,Y,Y,,,,,
Scarinae,Leptoscarus vaigiensis,Leptoscar. vaigiensis,Leptoscarus,(Quoy & Gaimard 1824),Browsers,0.0163,2.991,,,,,Leptoscarus vaigiensis,Green & Bellwood 2009 (citing Kulbicki unpubl.),N,Y,Y,,,,,
Scarinae,Scarus falcipinnis,S. falcipinnis,Scarus,(Playfair 1868),Scrapers,0.0165,3.041,,,,,Scarus ghobban,Kulbicki et al 2005  listed in Green & Bellwood 71,Y,Y,Y,,,,,
Scarinae,Scarus festivus,S. festivus,Scarus,Valenciennes 1840,Scrapers,0.0134,3.16,,,,,Scarus niger ,Kulbicki et al 2005  listed in Green & Bellwood 72,N,Y,Y,,,,,
Scarinae,Scarus frenatus,S. frenatus,Scarus,Lacepede 1802,Scrapers,0.0279,3.06,,,,,Scarus frenatus,Choat et al 1996,N,Y,Y,,,,,
Scarinae,Scarus fuscopurpureus,S. fuscopurpureus*,Scarus,(Klunzinger 1871),Scrapers,0.0165,3.041,,,,,Scarus ghobban,Kulbicki et al 2005  listed in Green & Bellwood 71,N,Y,Y,,,,,
Scarinae,Scarus ghobban,S. ghobban,Scarus,Fabricius 1775,Scrapers,0.0165,3.041,,,,,Scarus ghobban,Kulbicki et al 2005  listed in Green & Bellwood 72,N,Y,Y,,,,,
Scarinae,Scarus globiceps,S. globiceps,Scarus,Valenciennes 1840,Scrapers,0.0222,2.982,,,,,Scarus psittacus,Letourneur New Cal 98,N,Y,Y,,,,,
Scarinae,Scarus niger,S. niger,Scarus,Forsskal 1775,Scrapers,0.0134,3.16,,,,,Scarus niger ,Kulbicki et al 2005  listed in Green & Bellwood 72,N,Y,Y,,,,,
Scarinae,Scarus prasiognathus,S. prasiognathus,Scarus,Valenciennes 1840,Scrapers,0.0184,3.029,,,,,Scarus altipinnis,Kulbicki et al 2005  listed in Green & Bellwood 73,Y,Y,Y,,,,,
Scarinae,Scarus psittacus,S. psittacus,Scarus,Forsskal 1775,Scrapers,0.0222,2.982,,,,,Scarus psittacus,Letourneur New Cal 98,N,Y,Y,,,,,
Scarinae,Scarus rubroviolaceus,S. rubroviolaceus,Scarus,Bleeker 1847,Scrapers,0.0136,3.109,,,,,Scarus rubroviolaceus,Fishbase,Y,Y,Y,,,,,
Scarinae,Scarus russelli,S. russelli,Scarus,Valenciennes 1840,Scrapers,0.0165,3.041,,,,,Scarus ghobban,Kulbicki et al 2005  listed in Green & Bellwood 71,N,Y,Y,,,,,
Scarinae,Scarus scaber,S. scaber,Scarus,Valenciennes 1840,Scrapers,0.0278,2.857,,,,,Scarus scaber,Fishbase,N,Y,Y,,,,,
Scarinae,Scarus tricolor,S. tricolor,Scarus,Bleeker 1847,Scrapers,0.0278,2.857,,,,,Scarus scaber,Fishbase,N,Y,Y,,,,,
Scarinae,Scarus viridifucatus,S. viridifucatus,Scarus,(Smith 1956),Scrapers,0.0278,2.857,,,,,Scarus scaber,Fishbase,N,Y,Y,,,,,
Scarinae,Scarus caudofasciatus,Scarus caudofasciatus,Scarus,(Gunther 1862),Scrapers,0.0136,3.109,,,,,Scarus rubroviolaceus,Fishbase,N,Y,Y,,,,,
Scarinae,Scarus ferrugineus,S. ferrugineus*,Scarus,Forsskål 1775,Scrapers,0.0165,3.041,,,,,Scarus ghobban,Kulbicki et al 2005  listed in Green & Bellwood 72,N,Y,Y,,,,,
Scarinae,Scarus collana,S. collana*,Scarus,Rüppell 1835,Scrapers,0.0278,2.857,,,,,Scarus scaber,Fishbase,N,Y,Y,,,,,
Scarinae,Scarus spp.,Scarus spp.,Scarus,,Scrapers,0.0234,2.956,637,0.996,2.3,68,Scarus spp.,Kulbicki et al 2005  listed in Green & Bellwood 72,N,Y,Y,,,,,
Acanthuridae,Acanthurus blochii,A. blochii,Acanthurus,Valenciennes 1835,Grazer-detritivores,0.0251,3.032,249,0.996,2.5,38.0,Acanthurus blochii,Kulbicki et al 2005  listed in Green & Bellwood 72,N,Y,Y,,,,,
Acanthuridae,Acanthurus dussumieri,A. dussumieri,Acanthurus,Valenciennes 1835,Grazer-detritivores,0.0426,2.868,95,0.993,2.5,51.5,Acanthurus dussumieri,Kulbicki et al 2005  listed in Green & Bellwood 73,N,Y,Y,,,,,
Acanthuridae,Acanthurus gahhm,A. gahhm*,Acanthurus,Gmelin 1789,Grazer-detritivores,0.0168,3.168,51,0.995,4.6,22.5,Acanthurus nigricaudus,Kulbicki et al 2005  listed in Green & Bellwood 74,N,Y,Y,,,,,
Acanthuridae,Acanthurus leucocheilus,A. leucocheilus,Acanthurus,Herre 1927,Grazer-detritivores,0.0168,3.168,,,,,Acanthurus nigricaudus,Kulbicki et al 2005  listed in Green & Bellwood 75,N,Y,Y,,,,,
Acanthuridae,Acanthurus leucosternon,A. leucosternon,Acanthurus,Bennett 1833,Grazers,0.0286,2.921,73,,10.7,18.7,Acanthurus leucosternon,Fishbase,N,Y,Y,,,,,
Acanthuridae,Acanthurus lineatus,A. lineatus,Acanthurus,(Linnaeus 1758),Grazers,0.0126,3.064,94,0.919,8.2, 27.4,Acanthurus lineatus,Fishbase,N,Y,Y,,,,,
Acanthuridae,Acanthurus mata,A. mata,Acanthurus,(Cuvier 1829),Planktivores,0.0222,3.008,48,0.990,10.0,29.5,Acanthurus mata,Kulbicki et al 2005  listed in Green & Bellwood 75,N,Y,Y,,,,,
Acanthuridae,Acanthurus sohal,A. sohal*,Acanthurus,(Gmelin 1789),Grazers,0.0126,3.064,94,0.919,8.2, 27.4,Acanthurus lineatus,Fishbase,N,Y,Y,,,,,
Acanthuridae,Acanthurus nigricaudus,A. nigricaudus,Acanthurus,Duncker & Mohr 1929,Grazer-detritivores,0.0168,3.168,51,0.995,4.6,22.5,Acanthurus nigricaudus,Kulbicki et al 2005  listed in Green & Bellwood 75,N,Y,Y,,,,,
Acanthuridae,Acanthurus nigrofuscus,A. nigrofuscus,Acanthurus,(Forsskal 1775),Grazers,0.0264,3.028,124,0.990,4.5,18.7,Acanthurus nigrofuscus ,Kulbicki et al 2005  listed in Green & Bellwood 76,N,Y,Y,,,,,
Acanthuridae,Acanthurus tennentii,A. tennenti,Acanthurus,(Gunther 1862),Grazer-detritivores,0.0168,3.168,,,,,Acanthurus nigricaudus,Kulbicki et al 2005  listed in Green & Bellwood 77,N,Y,Y,,,,,
Acanthuridae,Acanthurus thompsoni,A. thompsoni,Acanthurus,(Fowler 1923),Planktivores,0.0286,2.921,,,,,Acanthurus leucosternon,Fishbase,N,Y,Y,,,,,
Acanthuridae,Acanthurus triostegus,A. triostegus,Acanthurus,(Linnaeus 1758),Grazer-detritivores,0.0831,2.570,22,0.972,6.5,16.5,Acanthurus triostegus ,Kulbicki et al 2005  listed in Green & Bellwood 77,N,Y,Y,,,,,
Acanthuridae,Acanthurus xanthopterus,A. xanthopterus,Acanthurus,Valenciennes 1835,Grazer-detritivores,0.0267,2.984,35,0.999,8.0,57.0,Acanthurus xanthopterus ,Kulbicki et al 2005  listed in Green & Bellwood 78,N,Y,Y,,,,,
Acanthuridae,Acanthurus guttatus,Acanthurus guttatus,Acanthurus,Forster 1801,Grazers,0.02818,2.98,,,,,,,N,Y,Y,,,,,
Acanthuridae,Acanthurus tristis,A. tristis,Acanthurus,Randall 1993,Browsers,0.028,2.983,,,,,Acanthurus spp.,Kulbicki et al 2005  listed in Green & Bellwood 78,N,Y,Y,,,,,
Acanthuridae,Acanthurus spp.,Acanthurus sp.,Acanthurus,,Grazers,0.028,2.983,1141,0.995,2.0,60.0,Acanthurus spp.,Kulbicki et al 2005  listed in Green & Bellwood 79,N,Y,Y,,,,,
Acanthuridae,Ctenochaetus striatus,C. striatus,Ctenochaetus,(Quoy & Gaimard 1825),Detritivores,0.0231,3.063,180,0.995,3.8,21.0,Ctenochaetus striatus,Kulbicki et al 2005  listed in Green & Bellwood 80,N,Y,Y,,,,,
Acanthuridae,Ctenochaetus truncatus,C. truncatus,Ctenochaetus,Randall & Clements 2001,Detritivores,0.0237,3.056,,,,,Ctenochaetus spp.,Kulbicki et al 2005  listed in Green & Bellwood 81,N,Y,Y,,,,,
Acanthuridae,Ctenochaetus binotatus,Ctenochaetus binot,Ctenochaetus,Randall 1955,Detritivores,0.0392,2.875,18,0.969,8.5,15.3,Ctenochaetus binotatus,Kulbicki et al 2005  listed in Green & Bellwood 82,N,Y,Y,,,,,
Acanthuridae,Ctenochaetus spp.,Ctenochaetus spp. ,Ctenochaetus,,Detritivores,0.0392,2.875,,,,,Ctenochaetus spp. ,Kulbicki et al 2005  listed in Green & Bellwood 83,N,Y,Y,,,,,
Acanthuridae,Naso brachycentron,N. brachycentron,Naso,(Valenciennes 1835),Browsers,0.0085,3.250,,,,,Naso spp.,Kulbicki et al 2005  listed in Green & Bellwood 84,N,Y,Y,,,,,
Acanthuridae,Naso brevirostris B,N. brevirostris,Naso,(Cuvier 1829),Planktivores,0.0107,3.243,,,,,Naso brevirostris ,Kulbicki et al 2005  listed in Green & Bellwood 85,N,Y,N,,,,,
Acanthuridae,Naso brevirostris S,N. brevirostris,Naso,(Cuvier 1829),Browsers,0.0107,3.243,,,,,Naso brevirostris ,Kulbicki et al 2005  listed in Green & Bellwood 86,N,Y,N,,,,,
Acanthuridae,Naso brevirostris,N. brevirostris,Naso,(Cuvier 1829),Browsers,0.0107,3.243,27,0.991,2.0,33.0,Naso brevirostris ,Kulbicki et al 2005  listed in Green & Bellwood 87,N,N,Y,,,,,
Acanthuridae,Naso mcdadei,Naso mcdadei,Naso,Johnson 2002,,0.0107,3.243,,,,,Naso brevirostris ,Kulbicki et al 2005  listed in Green & Bellwood 87,N,Y,Y,,,,,
Acanthuridae,Naso elegans,N. elegans,Naso,(Rüppell 1829),Browsers,0.0107,3.243,,,,,Naso brevirostris ,Kulbicki et al 2005  listed in Green & Bellwood 86,N,Y,Y,,,,,
Acanthuridae,Naso fageni,N. fageni,Naso,Morrow 1954,Planktivores,0.0195,3.000,,,,,,,N,Y,Y,,,,,
Acanthuridae,Naso hexacanthus B,N. hexacanthus,Naso,(Bleeker 1855),Planktivores,0.0085,3.250,,,,,Naso spp.,Kulbicki et al 2005  listed in Green & Bellwood 84,N,Y,N,,,,,
Acanthuridae,Naso hexacanthus S,N. hexacanthus,Naso,(Bleeker 1855),Browsers,0.0085,3.250,,,,,Naso spp.,Kulbicki et al 2005  listed in Green & Bellwood 85,N,Y,N,,,,,
Acanthuridae,Naso hexacanthus,N. hexacanthus,Naso,(Bleeker 1855),Planktivores,0.0085,3.250,,,,,Naso spp.,Kulbicki et al 2005  listed in Green & Bellwood 86,N,N,Y,,,,,
Acanthuridae,Naso minor,N. minor,Naso,(Smith 1966),,0.01862,3.05,,,,,,,N,Y,Y,,,,,
Acanthuridae,Naso thynnoides,N. thynnoides,Naso,(Cuvier 1829),Planktivores,0.0107,3.243,,,,,Naso brevirostris ,Kulbicki et al 2005  listed in Green & Bellwood 86,N,Y,Y,,,,,
Acanthuridae,Naso tuberosus,N. tuberosus,Naso,Lacepede 1801,Browsers,0.0085,3.250,,,,,Naso spp.,Kulbicki et al 2005  listed in Green & Bellwood 86,N,Y,Y,,,,,
Acanthuridae,Naso unicornis,N. unicornis,Naso,(Forsskål 1775),Browsers,0.0179,3.035,66,0.989,18.5,60.0,Naso unicornis,Kulbicki et al 2005  listed in Green & Bellwood 87,N,Y,Y,,,,,
Acanthuridae,Naso vlamingii,N. vlamingii,Naso,(Valenciennes 1835),Planktivores,0.0085,3.250,,,,,Naso spp.,Kulbicki et al 2005  listed in Green & Bellwood 86,N,Y,Y,,,,,
Acanthuridae,Naso annulatus B,Naso annulatus,Naso,(Quoy & Gaimard 1825),Planktivores,0.0107,3.243,9,0.989,28.0,42.0,Naso annulatus ,Kulbicki et al 2005  listed in Green & Bellwood 87,N,Y,N,,,,,
Acanthuridae,Naso annulatus S,Naso annulatus,Naso,(Quoy & Gaimard 1825),Browsers,0.0107,3.243,9,0.989,28.0,42.0,Naso annulatus ,Kulbicki et al 2005  listed in Green & Bellwood 88,N,Y,N,,,,,
Acanthuridae,Naso annulatus ,Naso annulatus,Naso,(Quoy & Gaimard 1825),Browsers,0.0107,3.243,9,0.989,28.0,42.0,Naso annulatus ,Kulbicki et al 2005  listed in Green & Bellwood 89,N,N,Y,,,,,
Acanthuridae,Paracanthurus hepatus,Paracanth. hepatus,Paracanthus,(Linnaeus 1766),Planktivores,0.0222,3.008,,,,,Acanthurus mata,Kulbicki et al 2005  listed in Green & Bellwood 90,N,Y,Y,,,,,
Acanthuridae,Zebrasoma flavescens,Z. flavescens,Zebrasoma,(Bennett 1828),,0.0291,2.993,,,,,Zebrasoma scopas,Kulbicki et al 2005  listed in Green & Bellwood 90,N,Y,Y,,,,,
Acanthuridae,Zebrasoma gemmatum,Z. gemmatum,Zebrasoma,(Valenciennes 1835),Grazers,0.02291,2.970,,,,,,,N,Y,Y,,,,,
Acanthuridae,Zebrasoma scopas,Z. scopas,Zebrasoma,(Cuvier 1829),Grazers,0.0291,2.993,104,0.989,4.0,16.0,Zebrasoma scopas,Kulbicki et al 2005  listed in Green & Bellwood 90,N,Y,Y,,,,,
Acanthuridae,Zebrasoma velifer,Z. velifer,Zebrasoma,(Bloch 1795),Grazers,0.0343,2.866,77,0.995,4.0,24.0,Zebrasoma velifer,Kulbicki et al 2005  listed in Green & Bellwood 91,N,Y,Y,,,,,
Acanthuridae,Zebrasoma desjardinii,Zebrasom. desjardinii,Zebrasoma,(Bennett 1836),Grazers,0.0343,2.866,,,,,Zebrasoma velifer,Kulbicki et al 2005  listed in Green & Bellwood 92,N,Y,Y,,,,,
Acanthuridae,Zebrasoma xanthurum,Zebrasoma xanthurum*,Zebrasoma,(Blyth 1852),Grazers,0.0378,2.857,181,0.991,4,26.500,Zebrasoma spp.,Kulbicki et al 2005  listed in Green & Bellwood 93,N,Y,Y,,,,,
Siganidae,Siganus corallinus,S. corallinus,Siganus,(Valenciennes 1835),,0.0023,3.822,9,0.996,9.0,19.0,Siganus corallinus,Kulbicki et al 2005  listed in Green & Bellwood 94,N,Y,Y,,,,,
Siganidae,Siganus luridus,S. luridus ,Siganus,(Ruppell 1829),Grazers,0.0023,3.822,,,,,Siganus corallinus,Kulbicki et al 2005  listed in Green & Bellwood 95,N,Y,Y,,,,,
Siganidae,Siganus stellatus,S. stellatus ,Siganus,(Forsskal 1775),Grazers,0.0131,3.088,,,,,Siganus argenteus ,Letourneur New Cal,N,Y,Y,,,,,
Siganidae,Siganus sutor,S. sutor ,Siganus,(Valenciennes 1835),Grazers,0.0041,3.29,2093,0.912,22.0,58.0,Siganus sutor ,Mbaru et al 2010,N,Y,Y,,,,,
Siganidae,Siganus argenteus,Siganus argenteus ,Siganus,(Quoy & Gaimard 1825),Grazers,0.0131,3.088,,,,,Siganus argenteus ,Letourneur New Cal,N,Y,Y,,,,,
Siganidae,Siganus rivulatus,S. rivulatus*,Siganus,(Woodland 1990),Grazers,0.022,2.82,112,0.872,5.5,27.6,Siganus rivulatus,Kulbicki et al 2005  listed in Green & Bellwood 95,N,Y,Y,,,,,
Siganidae,Siganus spp.,Siganus spp.,Siganus,,Grazers,0.0145,3.122,,,,,Siganus spp.,Fishbase,N,Y,Y,,,,,
Siganidae,Siganus sp. 2,,Siganus,,Grazers,0.0145,3.122,,,,,Siganus spp.,Fishbase,N,Y,Y,,,,,
Siganidae,Siganus sp.1,,Siganus,,Grazers,0.0145,3.122,,,,,Siganus spp.,Fishbase,N,Y,Y,,,,,
Balistidae,Abalistes stellatus ,Abalistes stellatus ,Abalistes,(Anonymous 1798),Invertivores,0.0263,2.87,,,,,,,N,Y,Y,,,,,
Balistidae,Balistoides viridescens,B. viridescens ,Balistoides,(Bloch & Schneider 1801),Invertivores,0.0244,3.018,10,0.998,27.4,61.0,Balistoides viridescens ,Kulbicki et al 2005  listed in Green & Bellwood 95,N,Y,Y,,,,,
Balistidae,Balistapus undulatus,Balistapus undulatus ,Balistapus,(Park 1797),Invertivores,0.0058,3.554,,,,,Balistapus undulatus ,Fishbase,N,Y,Y,,,,,
Balistidae,Balistapus sp.,Balistapus sp.,Balistapus,,Invertivores,0.0058,3.554,,,,,Balistapus undulatus ,Fishbase,N,Y,Y,,,,,
Balistidae,Balistoides conspicillum,Balistoid. conspicillum ,Balistoides,(Bloch & Schneider 1801),Invertivores,0.0244,3.018,,,,,Balistoides viridescens ,Kulbicki et al 2005  listed in Green & Bellwood 95,N,Y,Y,,,,,
Balistidae,Melichthys indicus,Melichthys indicus ,Melichthys,Randall & Klausewitz 1973,Planktivores,0.0058,3.554,,,,,Balistapus undulatus ,Fishbase,N,Y,Y,,,,,
Balistidae,Melichthys niger,Melichthys niger,Melichthys,(Bloch 1786),Planktivores,0.0058,3.554,,,,,Balistapus undulatus ,Fishbase,N,Y,Y,,,,,
Balistidae,Melichthys sp.,,Melichthys,,Planktivores,0.0058,3.554,,,,,Balistapus undulatus ,Fishbase,N,Y,Y,,,,,
Balistidae,Odonus niger,Odonus niger ,Odonus,(Rüppell 1836),Planktivores,0.0366,3.000,1,,32.0,32.0,Odonus niger ,Fishbase,N,Y,Y,,,,,
Balistidae,Pseudobalistes fuscus,P. fuscus ,Pseudobalistes,(Bloch & Schneider 1801),Invertivores,0.0726,2.760,76,0.989,16.3,58.0,Pseudobalistes fuscus ,Kulbicki et al 2005  listed in Green & Bellwood 95,N,Y,Y,,,,,
Balistidae,Pseudobalistes flavimarginatus,Pseudob. flavimargin,Pseudobalistes,(Ruppell 1829),Invertivores,0.0287,2.966,,,,,Sufflamen fraenatus ,Kulbicki et al 2005  listed in Green & Bellwood 96,N,Y,Y,,,,,
Balistidae,Rhinecanthus rectangulus,R. rectangulus ,Rhinecanthus,(Bloch & Schneider 1801),Invertivores,0.0287,2.966,,,,,Sufflamen fraenatus ,Kulbicki et al 2005  listed in Green & Bellwood 97,N,Y,Y,,,,,
Balistidae,Rhinecanthus aculeatus,Rhinecanth. aculeatus ,Rhinecanthus,(Linnaeus 1758),Invertivores,0.0287,2.966,,,,,Sufflamen fraenatus ,Kulbicki et al 2005  listed in Green & Bellwood 98,N,Y,Y,,,,,
Balistidae,Rhinecanthus assasi,Rhinecanth. assasi*,Rhinecanthus,(Fabricius 1775),Invertivores,0.0234,2.960,,,,,Rhinecanthus assasi,Fishbase,N,Y,Y,,,,,
Balistidae,Sufflamen chrysopterum,S. chrysopterum,Sufflamen,(Bloch & Schneider 1801),Invertivores,0.0287,2.966,,,,,Sufflamen spp.,Kulbicki et al 2005  listed in Green & Bellwood 95,N,Y,Y,,,,,
Balistidae,Sufflamen fraenatus ,S. fraenatus ,Sufflamen,(Latreille 1804),Invertivores,0.0287,2.966,118,0.980,18.5,36.5,Sufflamen fraenatus ,Kulbicki et al 2005  listed in Green & Bellwood 96,N,Y,Y,,,,,
Balistidae,Sufflamen bursa,Sufflamen bursa ,Sufflamen,(Bloch & Schneider 1801),Invertivores,0.0287,2.966,1,,17.2,17.2,Sufflamen fraenatus ,Kulbicki et al 2005  listed in Green & Bellwood 96,N,Y,Y,,,,,
Balistidae,Sufflamen sp.,Sufflamen sp.,Sufflamen,,Invertivores,0.0324,2.929,122,0.982,16.6,36.5,Sufflamen spp.,Kulbicki et al 2005  listed in Green & Bellwood 95,N,Y,Y,,,,,
Balistidae,Xanthichthys auromarginatus,Xanthichthys auromarginatus,Xanthichthys,(Bennett 1832),Planktivores,0.0058,3.554,,,,,Xanthichthys undulatus,Kulbicki et al 2005  listed in Green & Bellwood 96,N,Y,Y,,,,,
Monacanthidae,Aluterus scriptus ,Aluterus scriptus ,Aluterus,(Osbeck 1765),,,,,,,,,,N,N,Y,,,,,
Monacanthidae,Amanses scopas ,Amanses scopas ,Amanses,(Cuvier 1829),,,,,,,,,,N,N,Y,,,,,
Monacanthidae,Cantherines fronticinctus ,C. fronticinctus ,Cantherines,(Günther 1867),,,,,,,,,,N,N,Y,,,,,
Monacanthidae,Cantherines pardalis ,C. pardalis ,Cantherines,(Rüppell 1837),,,,,,,,,,N,N,Y,,,,,
Monacanthidae,Cantherines dumerilii ,Cantherines dumerilii ,Cantherines,(Hollard 1854),,,,,,,,,,N,N,Y,,,,,
Monacanthidae,Oxymonacanthus longirostris,Oxymonacanth longir ,Oxymonacanthus,(Bloch & Schneider 1801),,,,,,,,,,N,N,Y,,,,,
Monacanthidae,Paramonacanthus sp.,Paramonacanthus sp.,Paramonacanthus,,,,,,,,,,,N,N,Y,,,,,
Monacanthidae,Pervagor janthinosoma,Pervagor janthinosoma,Pervagor,(Bleeker 1854),,,,,,,,,,N,N,Y,,,,,
Monacanthidae,Pseudalutarius nasicornis ,Pseudalutarius nasicor ,Pseudalutarius,"(Temminck & Schlegel, 1850)",,,,,,,,,,N,N,Y,,,,,
Ostraciidae,Lactoria cornuta ,Lactoria cornuta ,Lactoria,(Linnaeus 1758),,,,,,,,,,N,N,Y,,,,,
Ostraciidae,Ostracion meleagris ,O. meleagris ,Ostracion,Shaw 1796,,,,,,,,,,N,N,Y,,,,,
Ostraciidae,Ostracion cubicus ,Ostracion cubicus ,Ostracion,Linnaeus 1758,,,,,,,,,,N,N,Y,,,,,
Tetraodontidae,Arothron mappa ,A. mappa ,Arothron,(Lesson 1831),,,,,,,,,,N,N,Y,,,,,
Tetraodontidae,Arothron nigropunctatus ,A. nigropunctatus ,Arothron,(Bloch & Schneider 1801),,,,,,,,,,N,N,Y,,,,,
Tetraodontidae,Arothron stellatus ,A. stellatus ,Arothron,(Anonymous 1798),,,,,,,,,,N,N,Y,,,,,
Tetraodontidae,Arothron hispidus ,Arothron hispidus ,Arothron,(Linnaeus 1758),,,,,,,,,,N,N,Y,,,,,
Tetraodontidae,Arothron meleagris,Arothron meleagris,Arothron,(Anonymous 1798),,,,,,,,,,N,N,Y,,,,,
Tetraodontidae,Canthigaster janthinoptera ,C. janthinoptera ,Canthigaster,(Bleeker 1855),,,,,,,,,,N,N,Y,,,,,
Tetraodontidae,Canthigaster valentini ,C. valentini ,Canthigaster,(Bleeker 1853),,,,,,,,,,N,N,Y,,,,,
Tetraodontidae,Canthigaster amboinensis,Canthigaster amboinensis,Canthigaster,(Bleeker 1864),,,,,,,,,,N,N,Y,,,,,
Tetraodontidae,Canthigaster bennetti,Canthigaster bennetti,Canthigaster,(Bleeker 1854),,,,,,,,,,N,N,Y,,,,,
Tetraodontidae,Canthigaster coronata,Canthigaster coronata,Canthigaster,(Vaillant & Sauvage 1875),,,,,,,,,,N,N,Y,,,,,
Tetraodontidae,Canthigaster petersii,Canthigaster petersii,Canthigaster,(Bianconi 1854),,,,,,,,,,N,N,Y,,,,,
Tetraodontidae,Canthigaster rivulata,Canthigaster rivulata,Canthigaster,(Temminck & Schlegel 1850),,,,,,,,,,N,N,Y,,,,,
Tetraodontidae,Canthigaster smithae,Canthigaster smithae,Canthigaster,Allen & Randall 1977,,,,,,,,,,N,N,Y,,,,,
Tetraodontidae,Canthigaster tyleri,Canthigaster tyleri,Canthigaster,Allen & Randall 1977,,,,,,,,,,N,N,Y,,,,,
Scombridae,Grammatorcynus bilineatus,,Grammatorcynus,(Rüppell 1836),Primary piscivores,0.0162,2.856,,,,100.0,Scomberomorus commersoni,Kulbicki et al 2005  listed in Green & Bellwood 95,Y,N,Y,,,,,
Scombridae,Rastrelliger kanagurta,,Rastrelliger,(Cuvier 1816),Primary piscivores,0.0061,3.191, ,,5.0,26.5,Rastrelliger kanagurta,Fishbase,Y,N,Y,,,,,
Scombridae,Scomberoides spp.,,Scomberoides,,Primary piscivores,0.0162,2.856,,,,100.0,Scomberomorus commersoni,Kulbicki et al 2005  listed in Green & Bellwood 95,Y,N,Y,,,,,
Scombridae,Gymnosarda unicolor,,Gymnosarda ,(Rüppell 1836),Primary piscivores,0.0105,3.065,,,,248,Gymnosarda unicolor,Fishbase,Y,N,Y,,,,,
Scombridae,Euthynnus affinis,,Euthynnus,(Cantor 1849),Primary piscivores,0.0243,2.908,,,,100,Euthynnus affinis,Fishbase,Y,N,Y,,,,,
Scombridae,Sarda orientalis,,Sarda,(Temminck & Schlegel 1844),Primary piscivores,0.0283,2.7711,,,,,Sarda orientalis,Fishbase,Y,N,Y,,,,,
Ephippidae,Platax spp.,,Platax,,Browsers,0.0443,2.951,11,0.999,4.5,50,Platax spp.,Kulbicki et al 2005  listed in Green & Bellwood 95,Y,N,Y,,,,,
Kyphosidae,Kyphosus spp.,,Kyphosus,,Browsers,0.0129,3.151,22,0.987,17.7,53.5,Kyphosus spp. ,Kulbicki et al 2005  listed in Green & Bellwood 95,N,Y,Y,,,,,
Carcharhinidae,Carcharhinus albimarginatus,,Carcharhinus,(Rüppell 1837),Top predator,0.0001,4.268,10,0.921,61,,Carcharhinus albimarginatus,Fishbase,Y,N,N,,,,,
Carcharhinidae,Carcharhinus amblyrhynchos,,Carcharhinus,(Bleeker 1856),Top predator,0.0001,4.268,10,0.921,61,,Carcharhinus amblyrhynchos,Kulbicki et al 2005  listed in Green & Bellwood 95,Y,N,N,,,,,
Carcharhinidae,Carcharhinus melanopterus,,Carcharhinus,(Quoy & Gaimard 1824),Top predator,0.0001,4.268,10,0.921,61,,Carcharhinus melanopterus,Fishbase,Y,N,N,,,,,
Carcharhinidae,Carcharhinus spp.,,Carcharhinus,,Top predator,0.0013,3.508,131,0.97,43.1,0.097,Carcharhinus spp.,Kulbicki et al 2005  listed in Green & Bellwood 95,Y,N,N,,,,,
Carcharhinidae,Triaenodon obesus,,Triaenodon ,(Rüppell 1837),Top predator,0.0015,3.382,,,213,,Triaenodon obesus,Fishbase,Y,N,N,,,,,
Ginglymostomatidae,Nebrius ferrugineus,,Nebrius,(Lesson 1831),Omnivores,0.00235,2.86,,,,,Ginglymostoma cirratum,Fishbase,Y,N,N,,,,,
Sphyraenidae,Sphyraena barracuda,,Sphyraena,(Edwards 1771),Top predator,0.0062,3.011,179,0.981,19,63,Sphyraena barracuda,Kulbicki et al 2005  listed in Green & Bellwood 95,Y,N,N,,,,,
Sphyraenidae,Sphyraena acutipinnis,,Sphyraena,Day 1876,Top predator,0.00776,2.92,,,,,Sphyraena acutipinnis,Fishbase,Y,N,N,,,,,
Sphyraenidae,Sphyraena spp.,,Sphyraena,,Top predator,0.0062,3.011,,,,,Sphyraena barracuda,Kulbicki et al 2005  listed in Green & Bellwood 95,,,,,,,,
Dasyatidae,Taeniura lymma,,Taeniura,(Fabricius 1775),Primary piscivores,0.0094,3.352,,,,49.5,Dasyatis spp. ,Kulbicki et al 2005  listed in Green & Bellwood 95,Y,N,N,,,,,
Dasyatidae,Urogymnus asperrimus,,Urogymnus,(Bloch & Schneider 1801),Primary piscivores,0.01175,3.03,,,,,Urogymnus asperrimus,Kulbicki et al 2005  listed in Green & Bellwood 95,,,,,,,,
Myliobatidae,Aetobatus ocellatus,,Aetobatus,(Kuhl 1823),Primary piscivores,0.0059,3.13,,,,330.0,,,Y,N,N,,,,,
Torpedinidae,Torpedo spp.,,Torpedo,,Primary piscivores,0.0094,3.352,,,,,,,Y,N,N,,,,,
,,,,,,,,,,,,,,,,,,,,,
,,,,,,,,,,,,,,,,,,,,,
,,,,,,,,,,,,,,,,,,,,,
,,,,,,,,,,,,,,,,,,,,,
,,,,,,,,,,,,,,,,,,,,,
,,,,,,,,,,,,,,,,,,,,,
,,,,,,,,,,,,,,,,,,,,,
,,,,,,,,,,,,,,,,,,,,,
,,,,,,,,,,,,,,,,,,,,,
,,,,,,,,,,,,,,,,,,,,,
,,,,,,,,,,,,,,,,,,,,,
,,,,,,,,,,,,,,,,,,,,,
,,,,,,,,,,,,,,,,,,,,,
,,,,,,,,,,,,,,,,,,,,,
,,,,,,,,,,,,,,,,,,,,,
,,,,,,,,,,,,,,,,,,,,,
,,,,,,,,,,,,,,,,,,,,,
